heart-rate,timestamp
75.2598261121287,2018-01-01T12:00:37Z
92.94204304829418,2018-01-01T12:10:04Z
66.59036419421226,2018-01-01T12:10:33Z
80.94637782595292,2018-01-01T12:12:34Z
60.15773257221736,2018-01-01T12:13:46Z
71.76834232687605,2018-01-01T12:15:48Z
97.6334172368529,2018-01-01T12:16:08Z
91.03971078396691,2018-01-01T12:21:01Z
73.83582763995354,2018-01-01T12:23:12Z
78.85633757766871,2018-01-01T12:29:39Z
87.43913372904285,2018-01-01T12:33:58Z
100.90095402536201,2018-01-01T12:36:51Z
73.5298465816775,2018-01-01T12:42:37Z
86.71202006334927,2018-01-01T12:54:54Z
65.16035757897208,2018-01-01T12:57:54Z
94.9132947063373,2018-01-01T13:02:16Z
92.59378935763915,2018-01-01T13:02:23Z
82.70682618529796,2018-01-01T13:03:19Z
78.77335242038788,2018-01-01T13:09:46Z
66.3868816758188,2018-01-01T13:10:45Z
92.74491890777105,2018-01-01T13:27:30Z
70.68558126399745,2018-01-01T13:32:53Z
76.22791561339875,2018-01-01T13:34:52Z
73.9963126806584,2018-01-01T13:37:30Z
75.8577076880018,2018-01-01T13:42:48Z
81.85823667841998,2018-01-01T13:46:01Z
81.91483939708414,2018-01-01T13:57:37Z
63.6180971945531,2018-01-01T14:13:19Z
90.99501712000536,2018-01-01T14:25:27Z
77.37441163815423,2018-01-01T14:36:16Z
81.08101735700589,2018-01-01T14:54:20Z
81.69891220773161,2018-01-01T15:03:10Z
80.02733574727499,2018-01-01T15:06:34Z
93.64662033924282,2018-01-01T15:08:54Z
75.63619771976688,2018-01-01T15:09:39Z
77.35429606748988,2018-01-01T15:09:46Z
91.98881417727974,2018-01-01T15:09:49Z
94.64170126307667,2018-01-01T15:12:02Z
81.4409037309665,2018-01-01T15:16:25Z
73.80427120946317,2018-01-01T15:17:38Z
86.1427814751843,2018-01-01T15:18:11Z
77.45040301710547,2018-01-01T15:24:17Z
95.63015516024743,2018-01-01T15:35:52Z
102.39588644473929,2018-01-01T15:37:14Z
80.54983955074447,2018-01-01T15:41:16Z
69.37276493436168,2018-01-01T15:41:18Z
99.59960437602304,2018-01-01T15:46:32Z
92.33358529697006,2018-01-01T15:51:10Z
76.46038432191249,2018-01-01T15:52:55Z
92.1914407518032,2018-01-01T15:54:27Z
90.36366673093956,2018-01-01T16:07:18Z
86.36160899192399,2018-01-01T16:08:40Z
91.68620904446954,2018-01-01T16:15:49Z
73.80131311414199,2018-01-01T16:22:14Z
99.64944501472641,2018-01-01T16:22:49Z
81.29277891136158,2018-01-01T16:23:22Z
82.96285591982492,2018-01-01T16:30:40Z
104.85763518582196,2018-01-01T16:31:19Z
96.00284966220237,2018-01-01T16:32:02Z
82.8729525537917,2018-01-01T16:36:02Z
84.93097331397504,2018-01-01T16:47:56Z
63.092037331397115,2018-01-01T16:49:42Z
73.4935311985706,2018-01-01T16:50:26Z
85.9021007292857,2018-01-01T16:54:14Z
83.28671609427704,2018-01-01T16:55:03Z
83.60301560005476,2018-01-01T16:56:54Z
90.8029328519775,2018-01-01T16:57:04Z
72.1298139933008,2018-01-01T16:59:30Z
90.74326387142291,2018-01-01T17:00:26Z
103.45391428750071,2018-01-01T17:08:25Z
62.29783728032115,2018-01-01T17:11:03Z
77.10006478490267,2018-01-01T17:12:39Z
81.1624544715534,2018-01-01T17:13:10Z
80.75382540337408,2018-01-01T17:30:03Z
89.36901859806913,2018-01-01T17:31:09Z
88.67652999831081,2018-01-01T17:37:50Z
75.2246626132862,2018-01-01T17:39:42Z
88.77552705554123,2018-01-01T17:41:01Z
71.15811073076974,2018-01-01T17:44:58Z
83.19058689092981,2018-01-01T17:46:41Z
79.97990490900814,2018-01-01T17:47:54Z
78.9885831764076,2018-01-01T17:49:45Z
77.11608063810466,2018-01-01T17:50:46Z
96.43274387106418,2018-01-01T18:00:24Z
89.03857808175296,2018-01-01T18:13:27Z
93.33903493275191,2018-01-01T18:34:14Z
82.48892015967455,2018-01-01T18:35:51Z
86.77847389144958,2018-01-01T18:36:03Z
77.434412133964,2018-01-01T18:46:07Z
85.99285528206045,2018-01-01T18:47:35Z
73.7342981481354,2018-01-01T18:48:33Z
99.13181821394792,2018-01-01T18:54:07Z
104.62462101784826,2018-01-01T18:55:27Z
76.05365501283264,2018-01-01T18:59:47Z
90.82209709026154,2018-01-01T19:06:26Z
70.50860251827325,2018-01-01T19:08:07Z
80.24660402577769,2018-01-01T19:12:50Z
79.56422778874091,2018-01-01T19:13:52Z
87.07368628992677,2018-01-01T19:17:13Z
70.1146733745299,2018-01-01T19:17:38Z
64.48041954731445,2018-01-01T19:22:34Z
98.33370805655572,2018-01-01T19:33:09Z
76.98957444792049,2018-01-01T19:37:41Z
85.1582430924554,2018-01-01T19:42:35Z
118.06448760840172,2018-01-01T19:47:45Z
64.01668191411822,2018-01-01T19:47:50Z
81.91975308549186,2018-01-01T19:48:41Z
89.36028718664375,2018-01-01T20:00:59Z
79.80321867762832,2018-01-01T20:03:08Z
91.20196883762932,2018-01-01T20:06:53Z
82.39845883013655,2018-01-01T20:07:49Z
66.99808896213148,2018-01-01T20:11:28Z
77.42249954952375,2018-01-01T20:17:10Z
95.94513209624773,2018-01-01T20:20:07Z
70.47128998976447,2018-01-01T20:22:30Z
98.78002303665845,2018-01-01T20:23:22Z
96.99309770072894,2018-01-01T20:23:26Z
89.30953523265879,2018-01-01T20:23:27Z
84.82676100409347,2018-01-01T20:26:46Z
89.98793589805628,2018-01-01T20:31:18Z
74.25811856123366,2018-01-01T20:52:47Z
64.66760424290368,2018-01-01T20:56:32Z
107.83974953384734,2018-01-01T21:00:49Z
80.80114830834766,2018-01-01T21:02:23Z
85.2065440631251,2018-01-01T21:11:36Z
71.90037085104082,2018-01-01T21:15:52Z
74.45696125367166,2018-01-01T21:25:25Z
73.45866916726939,2018-01-01T21:30:46Z
61.6280507476811,2018-01-01T21:36:31Z
89.75504431982453,2018-01-01T21:38:41Z
100.9072124868081,2018-01-01T21:42:42Z
101.30397330823827,2018-01-01T21:47:23Z
79.22142494701916,2018-01-01T21:49:45Z
71.02623214177133,2018-01-01T21:54:35Z
73.03854179791043,2018-01-01T21:58:47Z
75.19448191139934,2018-01-01T22:03:13Z
87.95322814843587,2018-01-01T22:06:58Z
69.66573853742287,2018-01-01T22:17:32Z
91.45944037306013,2018-01-01T22:22Z
90.18244106703519,2018-01-01T22:22:03Z
62.25229309985123,2018-01-01T22:33:15Z
76.0135377164184,2018-01-01T22:49:52Z
72.6508607810241,2018-01-01T22:53:54Z
60.90568381234632,2018-01-01T23:00:26Z
63.595676888617916,2018-01-01T23:00:47Z
91.22695542938564,2018-01-01T23:01:17Z
80.61846720394057,2018-01-01T23:05:09Z
100.95910104135726,2018-01-01T23:10:48Z
87.50981128704125,2018-01-01T23:16:36Z
89.29423008243053,2018-01-01T23:23:46Z
76.00001953737582,2018-01-01T23:24:55Z
81.25984846637904,2018-01-01T23:26:27Z
67.29400943298052,2018-01-01T23:26:50Z
92.5176337662098,2018-01-01T23:29:27Z
70.72000840770176,2018-01-01T23:30:21Z
74.43911038563044,2018-01-01T23:35:54Z
83.98159696896488,2018-01-01T23:38:39Z
90.96556417193814,2018-01-01T23:40:28Z
63.471585329039044,2018-01-01T23:40:57Z
60.12658783404417,2018-01-01T23:47:22Z
77.3041124773888,2018-01-01T23:47:33Z
86.87403092023666,2018-01-01T23:52:52Z
79.53486530487748,2018-01-01T23:59:14Z
72.43872306193765,2018-01-02T00:05:21Z
77.11339007206061,2018-01-02T00:10:14Z
78.35960245276738,2018-01-02T00:10:20Z
86.77792299560087,2018-01-02T00:23:17Z
84.01368522256756,2018-01-02T00:24:32Z
85.49214311687638,2018-01-02T00:27:51Z
105.04301408658974,2018-01-02T00:39:43Z
78.7346659827575,2018-01-02T00:49:29Z
84.82363572395484,2018-01-02T00:52:45Z
79.1073508921599,2018-01-02T00:52:54Z
92.15719012226276,2018-01-02T00:58:16Z
90.67895750989189,2018-01-02T01:02:46Z
80.41475051885331,2018-01-02T01:08:30Z
74.58019520982859,2018-01-02T01:11:52Z
78.61629251867932,2018-01-02T01:12:12Z
78.07265028643876,2018-01-02T01:21:58Z
85.96916103728631,2018-01-02T01:30:04Z
103.34875480072684,2018-01-02T01:31:28Z
100.48518567439274,2018-01-02T01:35:55Z
96.41009324079677,2018-01-02T01:44:35Z
91.02482818102416,2018-01-02T01:47:17Z
79.86416601410457,2018-01-02T01:48:03Z
86.76833402278585,2018-01-02T02:05:08Z
89.77630298596108,2018-01-02T02:07:11Z
78.62615282039636,2018-01-02T02:07:34Z
61.08541426064973,2018-01-02T02:19:45Z
88.17080755912079,2018-01-02T02:22:47Z
93.90373859769622,2018-01-02T02:30:53Z
78.17144076285886,2018-01-02T02:32:21Z
71.26713125205764,2018-01-02T02:35:24Z
98.73156711456241,2018-01-02T02:36:17Z
92.94664261585189,2018-01-02T02:39Z
73.0757476768963,2018-01-02T02:41:49Z
88.90399723014988,2018-01-02T02:43:46Z
64.4225947009931,2018-01-02T02:45:30Z
94.64362769562635,2018-01-02T02:46:01Z
81.24320942054246,2018-01-02T02:59:17Z
96.44956593768943,2018-01-02T03:00:47Z
91.90216633915756,2018-01-02T03:03:33Z
92.09797435427741,2018-01-02T03:04:08Z
78.32687211920502,2018-01-02T03:12:16Z
108.11016489433061,2018-01-02T03:16:19Z
90.64132595690876,2018-01-02T03:38:01Z
72.74122303556472,2018-01-02T03:47:29Z
83.10186730338803,2018-01-02T04:03:08Z
64.46784392644902,2018-01-02T04:05:56Z
87.56917594647133,2018-01-02T04:12:52Z
87.57953224967993,2018-01-02T04:19:37Z
60.05824904660531,2018-01-02T04:21:44Z
87.34598169012621,2018-01-02T04:23:04Z
70.91176836726876,2018-01-02T04:23:34Z
80.02154440726058,2018-01-02T04:31:56Z
95.9856111159799,2018-01-02T04:35:21Z
83.47998438386705,2018-01-02T04:35:22Z
67.83043309387652,2018-01-02T04:39:25Z
73.87911415801818,2018-01-02T04:43:08Z
89.82012027177582,2018-01-02T04:45:44Z
81.13424084126981,2018-01-02T05:07:58Z
78.5088108358139,2018-01-02T05:08:03Z
74.74062477121622,2018-01-02T05:09:18Z
67.81448578520063,2018-01-02T05:19:58Z
89.36517559726362,2018-01-02T05:20:12Z
81.38713307163908,2018-01-02T05:22:19Z
78.63835154524266,2018-01-02T05:24:23Z
88.43381776235073,2018-01-02T05:25:59Z
72.64722118941802,2018-01-02T05:29:11Z
76.41570493978499,2018-01-02T05:30:17Z
71.21765305496032,2018-01-02T05:32:52Z
78.78924510680682,2018-01-02T05:33:54Z
71.32082875541789,2018-01-02T05:35:16Z
78.4410367723558,2018-01-02T05:35:26Z
94.01982551303067,2018-01-02T05:46:06Z
78.3119411638697,2018-01-02T05:48:07Z
70.03485854984216,2018-01-02T05:52:33Z
69.50953507325502,2018-01-02T06:04:07Z
91.74254563626754,2018-01-02T06:06:20Z
67.10768455991476,2018-01-02T06:15:29Z
73.72535755453407,2018-01-02T06:18:08Z
99.7072698558643,2018-01-02T06:18:12Z
63.22014484142001,2018-01-02T06:20:43Z
84.48523862256332,2018-01-02T06:23:11Z
79.52735150514323,2018-01-02T06:35:47Z
69.06699950847525,2018-01-02T06:36:25Z
78.2109499908554,2018-01-02T06:37:29Z
83.17419333936996,2018-01-02T06:39:47Z
103.05440323444164,2018-01-02T06:46:49Z
89.06302442863986,2018-01-02T06:50:07Z
110.21687195372104,2018-01-02T06:56:38Z
81.13397323728607,2018-01-02T06:57:36Z
97.58481617963017,2018-01-02T06:58:35Z
90.67981226615392,2018-01-02T07:07:11Z
74.33750562940128,2018-01-02T07:20:56Z
76.2687329325396,2018-01-02T07:25:43Z
62.29360937900729,2018-01-02T07:28:31Z
78.81282740577001,2018-01-02T07:29:30Z
83.9933490370406,2018-01-02T07:32:52Z
62.59873203002526,2018-01-02T07:42:02Z
74.85360389052512,2018-01-02T07:55:22Z
74.86059812826336,2018-01-02T08:31:24Z
72.1485692398786,2018-01-02T08:32:16Z
87.77910853489755,2018-01-02T08:40:18Z
86.19155635067544,2018-01-02T08:42:58Z
93.0067022474641,2018-01-02T08:43:13Z
79.1024143326488,2018-01-02T08:52:33Z
72.56361506480077,2018-01-02T08:54:37Z
77.11569024328229,2018-01-02T08:54:40Z
67.28946754777755,2018-01-02T08:57:25Z
82.08477513695408,2018-01-02T09:02:18Z
84.9125632605208,2018-01-02T09:05:26Z
85.48731129714132,2018-01-02T09:06:59Z
97.41605524719053,2018-01-02T09:17:01Z
78.87763567451641,2018-01-02T09:20:44Z
69.93648804827438,2018-01-02T09:28:26Z
83.05404962496782,2018-01-02T09:38:59Z
84.59996805838577,2018-01-02T09:39:33Z
77.14647468937395,2018-01-02T09:54:33Z
62.57789736898896,2018-01-02T09:55:13Z
91.39825816039757,2018-01-02T09:57:52Z
87.89182157697832,2018-01-02T09:59:41Z
90.3590941848747,2018-01-02T10:00:29Z
89.04907773586804,2018-01-02T10:00:49Z
98.81459920965511,2018-01-02T10:05:35Z
95.35097862811938,2018-01-02T10:07:56Z
70.71128947704148,2018-01-02T10:08:41Z
63.190640722469794,2018-01-02T10:24:54Z
72.21164813025385,2018-01-02T10:29:27Z
77.49593928688606,2018-01-02T10:35:37Z
79.22197039008805,2018-01-02T10:39:10Z
84.24339978654261,2018-01-02T10:39:59Z
72.49744849944481,2018-01-02T10:47:58Z
82.04100421727111,2018-01-02T10:52:51Z
84.66173136950837,2018-01-02T10:58:52Z
76.22242076232506,2018-01-02T11:08:44Z
60.85888226641802,2018-01-02T11:11:12Z
77.80398120173098,2018-01-02T11:37:06Z
61.93281433638805,2018-01-02T11:37:27Z
76.79247128754196,2018-01-02T11:46:47Z
85.64750869685858,2018-01-02T11:52:28Z
76.58012672161752,2018-01-02T11:57:50Z
86.57419100675703,2018-01-02T12:06:09Z
71.91066704551892,2018-01-02T12:09:48Z
65.52602804560577,2018-01-02T12:26:36Z
71.9153649258572,2018-01-02T12:28:10Z
82.92074230263134,2018-01-02T12:28:53Z
78.97730765874505,2018-01-02T12:30:19Z
72.44762330342435,2018-01-02T12:32:36Z
83.97669483742298,2018-01-02T12:39:19Z
73.76530515198962,2018-01-02T12:40:01Z
65.73898177460416,2018-01-02T12:46:47Z
78.16173720530534,2018-01-02T12:51:16Z
73.32650640215792,2018-01-02T13:03:39Z
67.1651824490598,2018-01-02T13:17:09Z
67.07665560680289,2018-01-02T13:22:26Z
79.28736026518801,2018-01-02T13:23:11Z
91.84227642498261,2018-01-02T13:24:03Z
82.44568835442794,2018-01-02T13:28:05Z
95.14215848167709,2018-01-02T13:30:43Z
86.81948150613846,2018-01-02T13:38:49Z
85.34217232962476,2018-01-02T13:45:55Z
107.43279373033468,2018-01-02T13:48:04Z
79.14143893417314,2018-01-02T13:54:44Z
86.62244246289195,2018-01-02T13:57:53Z
66.3244809355806,2018-01-02T14:15:39Z
84.87047301973958,2018-01-02T14:16:54Z
97.39655390134917,2018-01-02T14:18:07Z
63.03894604246342,2018-01-02T14:24:17Z
113.0201685485046,2018-01-02T14:25:38Z
87.58188068373273,2018-01-02T14:27:50Z
65.96265118441083,2018-01-02T14:36:50Z
86.75489460123198,2018-01-02T14:38:07Z
85.65797189912007,2018-01-02T14:38:54Z
78.7169957185791,2018-01-02T14:42:08Z
76.04142614070398,2018-01-02T14:44:16Z
81.42539082131329,2018-01-02T14:46:46Z
92.4358558592992,2018-01-02T14:49:48Z
74.32836653063315,2018-01-02T14:53:46Z
84.95432580320806,2018-01-02T14:58:21Z
77.97601167583936,2018-01-02T14:58:54Z
80.50208733249524,2018-01-02T15:00:16Z
74.62408100814548,2018-01-02T15:01:24Z
115.37118545189111,2018-01-02T15:02:20Z
82.32082857654476,2018-01-02T15:14:28Z
78.23573984205858,2018-01-02T15:17:55Z
93.83998567959536,2018-01-02T15:18:30Z
60.25698550544467,2018-01-02T15:23:08Z
92.08529823374428,2018-01-02T15:23:31Z
63.909420683964555,2018-01-02T15:31:18Z
80.36781035824035,2018-01-02T15:32:42Z
100.15110120260243,2018-01-02T15:34:31Z
80.04351137406407,2018-01-02T15:35:22Z
96.73253277757013,2018-01-02T15:38:40Z
67.66832042507107,2018-01-02T15:53:39Z
82.6294241111454,2018-01-02T15:56:57Z
96.16404822247861,2018-01-02T15:57:43Z
111.57413885500091,2018-01-02T15:57:54Z
103.02881676224794,2018-01-02T15:59:25Z
66.04636776947845,2018-01-02T16:00:55Z
83.57290458001957,2018-01-02T16:03:48Z
77.95017781407591,2018-01-02T16:09:10Z
93.9763499714562,2018-01-02T16:11:21Z
68.52570990861376,2018-01-02T16:14:41Z
79.54507717607423,2018-01-02T16:14:43Z
76.15651746647106,2018-01-02T16:15:52Z
78.50206352957886,2018-01-02T16:16:35Z
79.31485088811556,2018-01-02T16:23:53Z
98.844487594182,2018-01-02T16:27:53Z
67.8642146918881,2018-01-02T16:31:17Z
83.00047792760414,2018-01-02T16:42:50Z
87.14214300007885,2018-01-02T16:45:59Z
72.33154463069644,2018-01-02T17:20:06Z
70.79712036024821,2018-01-02T17:32:03Z
73.89910092565707,2018-01-02T17:35:58Z
82.63738749949216,2018-01-02T17:38:47Z
81.28183976133931,2018-01-02T17:43:53Z
84.59168780771918,2018-01-02T17:50:53Z
83.23203869568945,2018-01-02T17:54:48Z
76.16847369863959,2018-01-02T17:55:19Z
81.32585891797535,2018-01-02T17:59:47Z
83.56442485317139,2018-01-02T18:13:39Z
69.83683579279715,2018-01-02T18:16Z
93.56547960085578,2018-01-02T18:20:29Z
81.95837463863423,2018-01-02T18:24:21Z
63.67070510987483,2018-01-02T18:26:19Z
83.24285688514018,2018-01-02T18:28:03Z
102.75690491137948,2018-01-02T18:29:18Z
77.31193267356066,2018-01-02T18:31:58Z
73.49848102909677,2018-01-02T18:36:12Z
93.09132101374203,2018-01-02T18:42:31Z
75.08643769417336,2018-01-02T18:43:40Z
107.64714106423548,2018-01-02T18:53:33Z
80.41212902420656,2018-01-02T18:56:15Z
74.9492783326107,2018-01-02T18:56:58Z
103.71316268793203,2018-01-02T19:01:21Z
105.068992114147,2018-01-02T19:10:51Z
62.23496367075863,2018-01-02T19:13:36Z
64.99047158735085,2018-01-02T19:20:29Z
84.36639071963882,2018-01-02T19:24:26Z
79.4316553240316,2018-01-02T19:25:02Z
87.54261758384143,2018-01-02T19:28:40Z
81.2316318798375,2018-01-02T19:32:46Z
104.41108983935598,2018-01-02T19:41:56Z
84.09142799459276,2018-01-02T19:42:25Z
96.53918789763691,2018-01-02T19:49:50Z
64.92985255982836,2018-01-02T19:57:01Z
69.33776276721292,2018-01-02T20:06:18Z
84.8497335342347,2018-01-02T20:14:54Z
70.3438928891141,2018-01-02T20:15:06Z
84.65868134941036,2018-01-02T20:19Z
80.66903503870489,2018-01-02T20:20Z
90.12084256638391,2018-01-02T20:20:41Z
75.50557322612106,2018-01-02T20:25:39Z
70.19219548333267,2018-01-02T20:26:04Z
81.85768389615563,2018-01-02T20:29:12Z
80.2275824012026,2018-01-02T20:30:08Z
72.44989725423552,2018-01-02T20:30:57Z
82.6470403558419,2018-01-02T20:38:49Z
80.22324349863517,2018-01-02T20:41:11Z
97.6529208923901,2018-01-02T20:45:49Z
78.79275719570784,2018-01-02T20:46:35Z
76.79555724392675,2018-01-02T21:01:56Z
79.79588656264782,2018-01-02T21:07:47Z
105.16263227028801,2018-01-02T21:09:08Z
83.14473520161047,2018-01-02T21:16:07Z
75.83109208854236,2018-01-02T21:16:33Z
78.11151859954782,2018-01-02T21:20:01Z
75.19862021608851,2018-01-02T21:21:49Z
70.31040663217097,2018-01-02T21:34:04Z
101.77307074909277,2018-01-02T21:34:16Z
77.07540969261139,2018-01-02T21:35:46Z
63.84948584130194,2018-01-02T21:42:19Z
73.3463342546214,2018-01-02T21:48:10Z
87.794704676519,2018-01-02T21:48:53Z
105.46786320129557,2018-01-02T21:55:18Z
82.77256718537575,2018-01-02T21:56:25Z
103.41103413913935,2018-01-02T22:06:42Z
88.78673309974387,2018-01-02T22:12:33Z
95.55294993915916,2018-01-02T22:15:03Z
81.31820146264874,2018-01-02T22:36:44Z
76.83847974266885,2018-01-02T22:37:31Z
89.71601470482486,2018-01-02T22:38:25Z
74.80643795625852,2018-01-02T22:40:55Z
70.3077740856451,2018-01-02T22:46:39Z
72.44139669972171,2018-01-02T22:50:09Z
85.56535717534894,2018-01-02T22:50:58Z
76.31509623904142,2018-01-02T22:51:04Z
97.21931842858783,2018-01-02T22:52:17Z
75.78732548330498,2018-01-02T22:56:13Z
84.14923480368515,2018-01-02T23:05:46Z
74.10691532121983,2018-01-02T23:07:08Z
85.1127357457366,2018-01-02T23:10:46Z
72.4639614708431,2018-01-02T23:12:51Z
74.58136744399529,2018-01-02T23:15:10Z
65.28686555158966,2018-01-02T23:20:45Z
66.90892206096773,2018-01-02T23:21:14Z
83.83550786423126,2018-01-02T23:21:15Z
77.87776352969483,2018-01-02T23:21:58Z
81.26912034395443,2018-01-02T23:25:41Z
69.50977075798946,2018-01-02T23:32:54Z
71.48624745412467,2018-01-02T23:35:21Z
90.55618197033372,2018-01-02T23:37:29Z
64.89027141815794,2018-01-02T23:39:13Z
80.39773174954321,2018-01-02T23:55:40Z
87.39014128392107,2018-01-02T23:58:57Z
90.72085698356567,2018-01-03T00:04:12Z
63.86555367924076,2018-01-03T00:07:02Z
119.51959939489386,2018-01-03T00:16:23Z
82.8600378406686,2018-01-03T00:18:50Z
85.73008946788393,2018-01-03T00:19:21Z
83.48598321146044,2018-01-03T00:23:09Z
83.00474956343473,2018-01-03T00:30:15Z
79.17286955126504,2018-01-03T00:40:49Z
86.19000549725098,2018-01-03T00:46:14Z
87.0151772546769,2018-01-03T00:46:42Z
64.73352304359491,2018-01-03T00:47:57Z
94.0794974771385,2018-01-03T00:49:37Z
91.82687615262469,2018-01-03T00:55:14Z
97.08563296686536,2018-01-03T00:56:46Z
74.11210624761868,2018-01-03T01:04:52Z
86.73728144140114,2018-01-03T01:06:24Z
65.203234604752,2018-01-03T01:08:34Z
75.27201657798247,2018-01-03T01:16:45Z
76.84981655572479,2018-01-03T01:21:36Z
68.10010308865239,2018-01-03T01:23:45Z
89.10861821680399,2018-01-03T01:47:37Z
69.90625763849386,2018-01-03T01:47:56Z
72.79844227435018,2018-01-03T01:49:32Z
93.79500463591764,2018-01-03T02:05:07Z
79.2073597566069,2018-01-03T02:08:08Z
70.17627896492678,2018-01-03T02:08:19Z
86.48713131461241,2018-01-03T02:08:32Z
78.46153016156428,2018-01-03T02:20:40Z
96.5574884978487,2018-01-03T02:26:12Z
83.18986259071136,2018-01-03T02:26:38Z
86.77293019343197,2018-01-03T02:28:36Z
76.45397829575245,2018-01-03T02:32:20Z
88.12359776423996,2018-01-03T02:38:27Z
91.67823919368657,2018-01-03T02:42:57Z
72.96786559864157,2018-01-03T02:44:57Z
83.96815181904239,2018-01-03T02:46:31Z
84.89728898806592,2018-01-03T03:04:04Z
61.38274751546527,2018-01-03T03:11:35Z
75.83447180211402,2018-01-03T03:13:28Z
91.72960503061839,2018-01-03T03:20:48Z
70.6546250399058,2018-01-03T03:23:50Z
91.0147906148849,2018-01-03T03:28:22Z
84.51614949452978,2018-01-03T03:29:45Z
76.11601017967347,2018-01-03T03:33:02Z
71.15734235596311,2018-01-03T03:34:51Z
83.6453176498205,2018-01-03T03:37:24Z
73.47539336076427,2018-01-03T03:39:05Z
79.86196760025138,2018-01-03T03:41:15Z
85.91748761447953,2018-01-03T03:57:31Z
89.30881565880644,2018-01-03T04:14:51Z
76.42732800265314,2018-01-03T04:20:02Z
84.40860005668844,2018-01-03T04:40:40Z
91.09156103432302,2018-01-03T04:40:53Z
73.60457306375982,2018-01-03T04:40:56Z
71.01214345323058,2018-01-03T04:41:18Z
66.17381400240984,2018-01-03T04:43:45Z
88.3469573386266,2018-01-03T04:45:06Z
82.79037551939066,2018-01-03T04:46:46Z
66.49313010228003,2018-01-03T04:55:47Z
68.98882781407534,2018-01-03T05:02:01Z
81.6917841115172,2018-01-03T05:02:19Z
87.03147666106393,2018-01-03T05:02:57Z
92.1938742379106,2018-01-03T05:05:40Z
90.02659024216372,2018-01-03T05:08:55Z
87.67134462902894,2018-01-03T05:11:31Z
89.5674614712606,2018-01-03T05:18:36Z
89.43658084561649,2018-01-03T05:19:36Z
89.33183504888449,2018-01-03T05:24:51Z
73.45664288105878,2018-01-03T05:27:49Z
76.7966085284876,2018-01-03T05:34:22Z
81.90196000897944,2018-01-03T05:41:14Z
62.01491647050632,2018-01-03T05:48:37Z
70.31017770237393,2018-01-03T05:49:30Z
78.38252889347874,2018-01-03T05:55:42Z
76.83225569876682,2018-01-03T06:09:12Z
60.78566707492634,2018-01-03T06:09:16Z
78.45611983426215,2018-01-03T06:14:52Z
95.83471668414961,2018-01-03T06:27:45Z
75.05292270737223,2018-01-03T06:35:24Z
103.65869742189068,2018-01-03T06:40:24Z
83.8371665785499,2018-01-03T06:55:43Z
91.27631695394497,2018-01-03T06:59:36Z
62.79392685165417,2018-01-03T07:09:45Z
94.84646577015222,2018-01-03T07:23:20Z
84.93679488969663,2018-01-03T07:36:48Z
65.79300722791298,2018-01-03T07:38:31Z
87.91042591819206,2018-01-03T07:43:29Z
100.41752684392631,2018-01-03T07:49:50Z
74.16551177525594,2018-01-03T07:51:48Z
85.01600367691601,2018-01-03T07:52:44Z
102.44428087040555,2018-01-03T07:55:44Z
74.38217606280976,2018-01-03T08:04:49Z
86.23289926992203,2018-01-03T08:05:35Z
71.26782270768283,2018-01-03T08:06:48Z
86.40040661758044,2018-01-03T08:07:23Z
86.71163091471226,2018-01-03T08:19:52Z
83.76418257224165,2018-01-03T08:25:09Z
83.92397692669668,2018-01-03T08:30:12Z
100.59769630116887,2018-01-03T08:30:29Z
80.71467106237843,2018-01-03T08:31:52Z
93.38235740413589,2018-01-03T08:36:06Z
72.87863615708105,2018-01-03T08:43:40Z
77.0786935142811,2018-01-03T08:44:24Z
80.28759875370004,2018-01-03T08:49:27Z
105.09467693074615,2018-01-03T08:50:58Z
74.79608617290373,2018-01-03T08:55:22Z
97.21624836632157,2018-01-03T08:58:10Z
91.41486616889162,2018-01-03T08:59:22Z
70.82816728947407,2018-01-03T08:59:39Z
64.3777066850196,2018-01-03T09:11:24Z
71.91272688205103,2018-01-03T09:16:03Z
79.10706725790989,2018-01-03T09:17:27Z
88.05836904309731,2018-01-03T09:18:59Z
71.70569941708058,2018-01-03T09:21:29Z
76.88287521811672,2018-01-03T09:30:33Z
76.53071373779912,2018-01-03T09:39:07Z
82.55635866568849,2018-01-03T09:39:11Z
68.41465182560694,2018-01-03T09:56:39Z
75.67305760366654,2018-01-03T10:01:11Z
78.02287528024928,2018-01-03T10:04:13Z
90.8203542803287,2018-01-03T10:07:29Z
86.83226443693624,2018-01-03T10:12:50Z
73.63448769601217,2018-01-03T10:19:37Z
60.7590634728969,2018-01-03T10:20:24Z
69.3142555149353,2018-01-03T10:28:39Z
87.87804527992246,2018-01-03T10:29:29Z
81.03563686673,2018-01-03T10:41:06Z
79.49631491224487,2018-01-03T10:41:40Z
77.01196082251582,2018-01-03T10:42:44Z
91.65632347867674,2018-01-03T10:43:23Z
83.77315161273646,2018-01-03T10:53:16Z
66.22043728207726,2018-01-03T11:03:50Z
64.20806038510376,2018-01-03T11:04:51Z
69.54924946018409,2018-01-03T11:18:04Z
63.10769859786107,2018-01-03T11:21:27Z
78.69660104004464,2018-01-03T11:32:02Z
94.50855055977817,2018-01-03T11:38:24Z
82.47095344947377,2018-01-03T11:49:23Z
65.83849130614199,2018-01-03T11:51:29Z
70.85853271465722,2018-01-03T12:05:50Z
88.15682230122502,2018-01-03T12:06:13Z
85.84203894529217,2018-01-03T12:09:54Z
87.18109614137057,2018-01-03T12:16:22Z
72.1762130685005,2018-01-03T12:17:04Z
72.61358549049456,2018-01-03T12:17:10Z
67.53055217308625,2018-01-03T12:17:17Z
66.01025323120788,2018-01-03T12:25:01Z
81.17444066201507,2018-01-03T12:25:02Z
84.37992527169024,2018-01-03T12:25:21Z
77.36149099828604,2018-01-03T12:25:28Z
77.75170226405223,2018-01-03T12:30:26Z
86.87190082933556,2018-01-03T12:31:17Z
79.0101171490738,2018-01-03T12:35:47Z
77.14015088044765,2018-01-03T12:36:10Z
89.80323298117364,2018-01-03T12:42Z
88.79008849908078,2018-01-03T12:44:03Z
63.82708805235941,2018-01-03T12:45:53Z
78.45399868385357,2018-01-03T12:51:26Z
74.98145324399762,2018-01-03T12:58:29Z
92.54368175246405,2018-01-03T13:08Z
92.81036198474752,2018-01-03T13:08:52Z
85.50949133598101,2018-01-03T13:19:06Z
68.2610761656863,2018-01-03T13:27:13Z
85.47079412605859,2018-01-03T13:32:53Z
100.05829079601664,2018-01-03T13:33:15Z
89.72814320873285,2018-01-03T13:49:29Z
71.22926486431739,2018-01-03T13:51:57Z
94.99773457053547,2018-01-03T13:54:19Z
105.72079039821088,2018-01-03T14:02:39Z
73.71239001153451,2018-01-03T14:02:56Z
94.68146594911735,2018-01-03T14:10:25Z
61.307549399350776,2018-01-03T14:20:18Z
101.36153712599888,2018-01-03T14:27:54Z
64.5963021827974,2018-01-03T14:33:33Z
85.13054010166958,2018-01-03T14:40:57Z
69.8929535564971,2018-01-03T14:50:31Z
79.06307272631241,2018-01-03T14:52:16Z
81.21452372429596,2018-01-03T14:55:05Z
66.54205668580697,2018-01-03T15:26:14Z
71.76952691018008,2018-01-03T15:28:05Z
97.20233949925802,2018-01-03T15:32:18Z
98.40932229475722,2018-01-03T15:34:25Z
79.92121941192318,2018-01-03T15:37:38Z
105.74246339304021,2018-01-03T15:39:17Z
86.34569968695713,2018-01-03T15:40:21Z
66.91078357984496,2018-01-03T15:45:04Z
86.90301546445565,2018-01-03T15:47:24Z
77.64875682676063,2018-01-03T15:51:07Z
74.01330434215593,2018-01-03T15:52:15Z
72.0061739441541,2018-01-03T15:59:31Z
60.57915894414844,2018-01-03T16:09:47Z
92.4141430067072,2018-01-03T16:16:01Z
62.816430766026755,2018-01-03T16:17:25Z
79.69753891920303,2018-01-03T16:23:23Z
71.79433386320426,2018-01-03T16:24:22Z
65.48839490588188,2018-01-03T16:43:20Z
105.74873911552243,2018-01-03T16:44:13Z
85.34488040517263,2018-01-03T16:47:43Z
94.24639594890076,2018-01-03T16:48:37Z
66.3108378204553,2018-01-03T16:49:17Z
69.39055144045554,2018-01-03T16:50:04Z
72.31294694637954,2018-01-03T16:53:49Z
90.25181130168083,2018-01-03T17:05:57Z
100.26167433510496,2018-01-03T17:10:34Z
78.28251405700213,2018-01-03T17:15:27Z
68.15600861783956,2018-01-03T17:20:30Z
73.79605853574527,2018-01-03T17:22:39Z
98.34781044787184,2018-01-03T17:29:19Z
94.1290544465389,2018-01-03T17:33:14Z
74.57686422374772,2018-01-03T17:42:51Z
101.86657940486435,2018-01-03T17:50:48Z
76.79667281992562,2018-01-03T17:52:55Z
84.42784543675235,2018-01-03T17:55:41Z
105.77920813541108,2018-01-03T18:03:29Z
67.63781169692913,2018-01-03T18:03:54Z
66.89546345911094,2018-01-03T18:21:44Z
61.661882579200096,2018-01-03T18:22:25Z
99.29942701375619,2018-01-03T18:32:43Z
94.66860924547319,2018-01-03T18:43:47Z
83.93102749082652,2018-01-03T18:54:56Z
80.84132285083419,2018-01-03T19:04:17Z
89.87299220450106,2018-01-03T19:13:12Z
67.62557881609098,2018-01-03T19:14:48Z
76.11668797843284,2018-01-03T19:19:12Z
88.8095541242759,2018-01-03T19:19:56Z
70.50622878097286,2018-01-03T19:22:36Z
79.62800341969631,2018-01-03T19:25:57Z
76.41619895663241,2018-01-03T19:29:36Z
94.49744320595495,2018-01-03T19:31Z
76.27316550049352,2018-01-03T19:31Z
84.63510145120186,2018-01-03T19:50:50Z
102.20477162777091,2018-01-03T19:51:53Z
74.66959526331377,2018-01-03T19:56:58Z
110.60962914448596,2018-01-03T19:58:13Z
69.65851678724724,2018-01-03T19:58:49Z
64.52342775855485,2018-01-03T20:00:20Z
73.12383826868108,2018-01-03T20:02:33Z
67.45611978180798,2018-01-03T20:06:28Z
101.69351828572354,2018-01-03T20:08:23Z
63.55383845430915,2018-01-03T20:13:48Z
68.67095302443852,2018-01-03T20:19:46Z
81.36634486370728,2018-01-03T20:22Z
77.51342164122539,2018-01-03T20:32:32Z
85.85086994627078,2018-01-03T20:33:19Z
76.73491410568576,2018-01-03T20:47:34Z
77.05183188494011,2018-01-03T20:48:09Z
84.37651003902106,2018-01-03T20:56:50Z
60.690133301155,2018-01-03T20:57:41Z
78.9881951933432,2018-01-03T20:58:40Z
85.23846746414283,2018-01-03T21:05:56Z
80.65264905849637,2018-01-03T21:11:47Z
85.06133580250153,2018-01-03T21:30:34Z
71.15252263681658,2018-01-03T21:33:07Z
89.66017510219719,2018-01-03T21:34:01Z
94.92311896683482,2018-01-03T21:38:27Z
78.64981069086586,2018-01-03T21:38:49Z
68.78187570202464,2018-01-03T21:41:56Z
62.16076156288646,2018-01-03T21:42:42Z
81.54908199654642,2018-01-03T21:50:35Z
82.5509861472158,2018-01-03T22:16:15Z
83.07615278994199,2018-01-03T22:16:29Z
78.91268070902484,2018-01-03T22:21:06Z
81.31941937824664,2018-01-03T22:34:20Z
61.16197642483128,2018-01-03T22:35:09Z
65.1866537136352,2018-01-03T22:53:18Z
84.61245467379689,2018-01-03T22:54:50Z
61.78824737680379,2018-01-03T22:54:51Z
74.18018394559246,2018-01-03T22:59:38Z
68.55707610458163,2018-01-03T23:02:23Z
68.14516000182657,2018-01-03T23:07:33Z
91.18696903308336,2018-01-03T23:16:14Z
79.14554967818276,2018-01-03T23:17:53Z
80.75442854048991,2018-01-03T23:29:39Z
79.39933155359934,2018-01-03T23:30:03Z
74.78445978593793,2018-01-03T23:32:38Z
87.39905323153485,2018-01-03T23:33:27Z
95.22470476352295,2018-01-03T23:33:30Z
72.37284803394692,2018-01-03T23:39:05Z
97.43053364340368,2018-01-03T23:42:03Z
75.47124590802648,2018-01-03T23:56:56Z
83.6904823482435,2018-01-04T00:25:41Z
98.33227127795305,2018-01-04T00:27:40Z
60.86178737889749,2018-01-04T00:33:31Z
62.22654850502337,2018-01-04T00:35:58Z
72.33566303836072,2018-01-04T00:41:38Z
78.68442980544354,2018-01-04T00:42:13Z
78.03586035936817,2018-01-04T00:42:56Z
62.11127104735971,2018-01-04T00:44:43Z
89.38511654955384,2018-01-04T00:49:31Z
74.87664781793826,2018-01-04T00:52:12Z
68.29247213375066,2018-01-04T00:53:20Z
89.07370776620668,2018-01-04T00:56:09Z
76.36927955044963,2018-01-04T01:00:42Z
85.33809556979978,2018-01-04T01:09:52Z
84.02428306498507,2018-01-04T01:13:17Z
90.28546427791875,2018-01-04T01:17:51Z
83.57323958977756,2018-01-04T01:21:15Z
75.15343701063254,2018-01-04T01:26:53Z
99.51452738209616,2018-01-04T01:32:01Z
82.80221190164684,2018-01-04T01:42:27Z
84.97605553062967,2018-01-04T01:45:14Z
81.98183725442529,2018-01-04T01:47:03Z
77.62987712392155,2018-01-04T01:48:18Z
94.2559135634282,2018-01-04T01:48:59Z
90.42824005253297,2018-01-04T01:51:37Z
79.27219978829973,2018-01-04T01:56:58Z
64.56317155650277,2018-01-04T02:01:02Z
89.31677621186634,2018-01-04T02:03:29Z
74.43315100206786,2018-01-04T02:06:36Z
66.74205004500462,2018-01-04T02:10:03Z
87.94610435418099,2018-01-04T02:24:54Z
96.9126732462008,2018-01-04T02:25:20Z
67.45487119567613,2018-01-04T02:38:59Z
86.40053715927954,2018-01-04T02:40:03Z
67.2472795427812,2018-01-04T02:42:23Z
70.12923372781397,2018-01-04T02:43:24Z
105.61096434899294,2018-01-04T02:43:41Z
85.54430379677682,2018-01-04T02:45:52Z
85.2605044351439,2018-01-04T02:48:10Z
89.70646829175845,2018-01-04T02:51:22Z
95.82431074648147,2018-01-04T02:55:32Z
82.24154719469121,2018-01-04T02:58:32Z
88.65666220514372,2018-01-04T03:00:18Z
60.20873191821395,2018-01-04T03:00:22Z
69.26902580295577,2018-01-04T03:02:35Z
70.00146880964024,2018-01-04T03:05:37Z
74.82452233156992,2018-01-04T03:06:05Z
83.0373692020377,2018-01-04T03:11:27Z
95.57041389896818,2018-01-04T03:11:34Z
73.8855146195844,2018-01-04T03:14:26Z
79.4923248304815,2018-01-04T03:15:10Z
80.9826090713675,2018-01-04T03:23:03Z
79.74305866738298,2018-01-04T03:29:40Z
95.14593809837694,2018-01-04T03:31:16Z
83.37262614660303,2018-01-04T03:36:02Z
79.8805226310172,2018-01-04T03:38:08Z
72.72264514356615,2018-01-04T03:39:29Z
94.40893221306646,2018-01-04T03:41:17Z
69.05421399923719,2018-01-04T03:56:59Z
94.41354788372783,2018-01-04T03:57:23Z
90.18245269161882,2018-01-04T04:07:01Z
68.56590856401267,2018-01-04T04:24:58Z
91.20988071086776,2018-01-04T04:25:17Z
82.2840393372374,2018-01-04T04:25:43Z
97.86735854571825,2018-01-04T04:28:18Z
85.69494257827216,2018-01-04T04:32:07Z
92.86085143050572,2018-01-04T04:56:23Z
80.84962449691534,2018-01-04T05:03:35Z
75.93832279131169,2018-01-04T05:07:34Z
88.17802707159967,2018-01-04T05:13:04Z
86.81032767191607,2018-01-04T05:15:09Z
81.50071760680754,2018-01-04T05:18:41Z
108.50787754054448,2018-01-04T05:19:30Z
92.90902853148262,2018-01-04T05:25:11Z
77.13844228918313,2018-01-04T05:29:26Z
80.22626855209104,2018-01-04T05:31:23Z
75.30538689125657,2018-01-04T05:33:19Z
67.65450977709004,2018-01-04T05:33:21Z
77.75677259924657,2018-01-04T05:33:23Z
68.99191365224945,2018-01-04T05:34:53Z
66.1767461469492,2018-01-04T05:42:29Z
76.20529885840809,2018-01-04T05:51:31Z
78.96772887117223,2018-01-04T05:57:31Z
82.96880656951564,2018-01-04T05:59:15Z
72.07210464176612,2018-01-04T06:07:20Z
80.84847541851448,2018-01-04T06:14:12Z
70.00265389401115,2018-01-04T06:17:26Z
85.43612171167548,2018-01-04T06:17:41Z
77.35405030615306,2018-01-04T06:18:54Z
70.5985325547475,2018-01-04T06:19:49Z
104.32791062305606,2018-01-04T06:25:50Z
86.3118950693417,2018-01-04T06:30:26Z
78.8257098358837,2018-01-04T06:41:12Z
84.9319615762697,2018-01-04T06:43:48Z
73.10128476723106,2018-01-04T06:43:59Z
105.39141764963998,2018-01-04T06:44:02Z
78.47249755188838,2018-01-04T06:46:33Z
74.9578216553466,2018-01-04T07:01:43Z
72.07358951469328,2018-01-04T07:09:47Z
68.76556054981734,2018-01-04T07:12:49Z
93.64001968316028,2018-01-04T07:19:07Z
70.76302900187007,2018-01-04T07:23:47Z
79.17866844959613,2018-01-04T07:24:55Z
91.52936638100702,2018-01-04T07:26:14Z
81.50921978235631,2018-01-04T07:27:36Z
80.15448842253467,2018-01-04T07:34:50Z
82.71104306484551,2018-01-04T07:35:53Z
77.99648860827698,2018-01-04T07:37:39Z
83.936088067122,2018-01-04T07:47:15Z
76.09352279815134,2018-01-04T07:48:07Z
80.63782222852791,2018-01-04T07:59:31Z
93.95699973041735,2018-01-04T08:06:53Z
77.43941012257892,2018-01-04T08:24:04Z
73.53574856464792,2018-01-04T08:50:50Z
85.2001241747521,2018-01-04T08:53:48Z
89.96074477815456,2018-01-04T08:58:53Z
104.35611006573757,2018-01-04T09:01:52Z
74.7476030599102,2018-01-04T09:02:13Z
73.72914956132658,2018-01-04T09:02:34Z
70.75427176992297,2018-01-04T09:18:24Z
72.27125725647038,2018-01-04T09:23Z
88.35102119777221,2018-01-04T09:25Z
87.15066829111339,2018-01-04T09:29:20Z
77.13483648872558,2018-01-04T09:33:10Z
69.83824561005468,2018-01-04T09:35:22Z
82.47236592393956,2018-01-04T09:39:51Z
71.83806323870844,2018-01-04T09:41:20Z
69.54109903393172,2018-01-04T09:44:58Z
83.06935744546209,2018-01-04T09:57:11Z
76.36774738960928,2018-01-04T10:09:16Z
75.97025506964805,2018-01-04T10:11:12Z
78.262586841964,2018-01-04T10:11:57Z
91.46019605438241,2018-01-04T10:15:45Z
105.30956498945747,2018-01-04T10:17:11Z
94.90495576584631,2018-01-04T10:19:09Z
117.18884206877757,2018-01-04T10:22Z
74.90419104080442,2018-01-04T10:27:52Z
104.68433484870536,2018-01-04T10:29:07Z
76.75834103323051,2018-01-04T10:35:47Z
79.82182137046408,2018-01-04T10:47:36Z
95.05677689464754,2018-01-04T10:51:08Z
70.61323581465939,2018-01-04T10:58:16Z
91.57841163438992,2018-01-04T10:58:48Z
96.91324290100081,2018-01-04T11:00:29Z
84.34255159748487,2018-01-04T11:14:08Z
88.61941406155209,2018-01-04T11:18:44Z
78.20630550008032,2018-01-04T11:28:40Z
96.00558599894984,2018-01-04T11:29:44Z
61.49434802968623,2018-01-04T11:35:44Z
78.59233092336171,2018-01-04T11:37:31Z
91.564334708615,2018-01-04T11:39:04Z
89.7656286980539,2018-01-04T11:42:10Z
88.91050453092278,2018-01-04T11:44:48Z
60.881597539863705,2018-01-04T11:47:28Z
72.08471357061012,2018-01-04T11:51:03Z
78.82767650353438,2018-01-04T11:51:07Z
91.5229686455383,2018-01-04T11:53:26Z
91.38319253026599,2018-01-04T11:56:18Z
66.03240001193312,2018-01-04T12:05:37Z
72.83920269591557,2018-01-04T12:08Z
89.7482221754012,2018-01-04T12:14:25Z
62.96226353352417,2018-01-04T12:15:17Z
64.09138054480712,2018-01-04T12:17:19Z
67.3689769880954,2018-01-04T12:17:56Z
84.39690995850422,2018-01-04T12:19:38Z
86.18103471642047,2018-01-04T12:24:13Z
88.29079251549518,2018-01-04T12:27:11Z
73.29437439054968,2018-01-04T12:27:52Z
72.1116756779102,2018-01-04T12:30:51Z
87.39184138059693,2018-01-04T12:32:35Z
73.99449783881904,2018-01-04T12:35:19Z
83.86121018867347,2018-01-04T12:40:30Z
73.58323377042824,2018-01-04T12:50:33Z
84.1603620286619,2018-01-04T12:57:48Z
95.57583029570579,2018-01-04T13:05:26Z
60.69774602842164,2018-01-04T13:07:01Z
94.68185496820908,2018-01-04T13:08:59Z
74.34046252691145,2018-01-04T13:15:17Z
88.64142433784656,2018-01-04T13:15:28Z
89.9003152166971,2018-01-04T13:20:47Z
60.89280445098932,2018-01-04T13:23:11Z
94.40422623067629,2018-01-04T13:31:24Z
67.64492385894499,2018-01-04T13:31:49Z
76.16783938745013,2018-01-04T13:32:06Z
94.63271773079721,2018-01-04T13:33:31Z
77.61829378892773,2018-01-04T13:40:32Z
62.90272287115981,2018-01-04T13:45:16Z
87.85842654834099,2018-01-04T13:52:46Z
96.74143184221924,2018-01-04T13:59:38Z
87.70942981494782,2018-01-04T14:23:29Z
85.54588241564475,2018-01-04T14:26:24Z
81.90420669433412,2018-01-04T14:39:25Z
73.9656379385483,2018-01-04T14:46:27Z
88.77950001621461,2018-01-04T14:47:55Z
71.44528659320609,2018-01-04T14:54:02Z
105.76611939052754,2018-01-04T15:03:21Z
69.8010481525954,2018-01-04T15:07:59Z
80.51126075270362,2018-01-04T15:08:17Z
69.56128336747976,2018-01-04T15:10:53Z
85.43346793450895,2018-01-04T15:14:30Z
65.12162594493742,2018-01-04T15:18:49Z
63.60336541633393,2018-01-04T15:19:16Z
79.72485400403193,2018-01-04T15:32:09Z
83.36139320522629,2018-01-04T15:33:45Z
86.50364143623723,2018-01-04T15:35:29Z
78.41116659615618,2018-01-04T15:36:11Z
87.7933795627422,2018-01-04T15:38:03Z
89.53559101924738,2018-01-04T15:50:58Z
78.02653130707253,2018-01-04T15:51:08Z
100.27176936405866,2018-01-04T15:51:55Z
63.902773370519114,2018-01-04T15:52:51Z
69.13513849642602,2018-01-04T16:00:14Z
63.832722419843186,2018-01-04T16:00:40Z
90.65763035038847,2018-01-04T16:01:10Z
85.27777075712747,2018-01-04T16:03:21Z
83.12919194154165,2018-01-04T16:23:05Z
67.4699081377916,2018-01-04T16:53:09Z
100.71947990684973,2018-01-04T16:53:29Z
65.80716336196394,2018-01-04T16:54:42Z
73.0462155523612,2018-01-04T17:09:48Z
82.87198491669959,2018-01-04T17:10:09Z
80.01287432652856,2018-01-04T17:10:28Z
74.24626638584908,2018-01-04T17:12:26Z
88.94176535671967,2018-01-04T17:13:43Z
88.85480114641761,2018-01-04T17:14:47Z
68.69981086651055,2018-01-04T17:16:01Z
87.78453421181936,2018-01-04T17:21:14Z
105.91864437097951,2018-01-04T17:21:55Z
68.78955779277841,2018-01-04T17:24:42Z
80.4750108679092,2018-01-04T17:28:13Z
115.9473727471597,2018-01-04T17:30:07Z
86.26508173755172,2018-01-04T17:33:50Z
95.8248519247765,2018-01-04T17:40:31Z
84.61300492674788,2018-01-04T17:56:24Z
83.3418244972696,2018-01-04T18:04:58Z
70.49367383588786,2018-01-04T18:20:02Z
75.54922046831918,2018-01-04T18:21:34Z
74.44437505038044,2018-01-04T18:22:15Z
87.66050564076262,2018-01-04T18:27:16Z
90.72544895764571,2018-01-04T18:29:46Z
64.49640117618115,2018-01-04T18:34:36Z
78.30609642377172,2018-01-04T18:38:37Z
70.07663533797925,2018-01-04T18:39:07Z
84.35309512112384,2018-01-04T18:50:20Z
68.82631191381532,2018-01-04T18:51:59Z
92.50600596981594,2018-01-04T18:53:18Z
66.9611658402965,2018-01-04T18:54:13Z
72.74713244210787,2018-01-04T18:55:31Z
76.1063651163288,2018-01-04T18:58:50Z
88.82510975973425,2018-01-04T19:00:01Z
70.60002175257819,2018-01-04T19:09:57Z
61.124150093652645,2018-01-04T19:10:28Z
71.21227163442488,2018-01-04T19:10:42Z
60.203734275412614,2018-01-04T19:10:58Z
65.94499372487375,2018-01-04T19:15:58Z
102.63407897634494,2018-01-04T19:17:59Z
79.78844784038331,2018-01-04T19:20:19Z
86.96791592305128,2018-01-04T19:28Z
100.99253607769502,2018-01-04T19:28:27Z
85.5551055896996,2018-01-04T19:29:34Z
95.07124197103614,2018-01-04T19:29:37Z
103.80926389367863,2018-01-04T19:32:29Z
73.89412864925012,2018-01-04T19:40:26Z
100.42517537033707,2018-01-04T19:48:29Z
81.32451565117765,2018-01-04T19:56:31Z
77.9501695580708,2018-01-04T20:01:11Z
80.87527217740148,2018-01-04T20:02:01Z
68.24815474850973,2018-01-04T20:16:42Z
69.84990886370421,2018-01-04T20:16:53Z
67.96183349082803,2018-01-04T20:17:04Z
92.67461551010145,2018-01-04T20:17:54Z
77.14928265141019,2018-01-04T20:24:44Z
73.55106021906353,2018-01-04T20:27:45Z
111.28592625253205,2018-01-04T20:31:41Z
81.60087018826827,2018-01-04T20:43:16Z
100.66823576205869,2018-01-04T20:50:27Z
79.13849387440348,2018-01-04T20:51:29Z
96.40964672978836,2018-01-04T20:59:57Z
71.96254020488941,2018-01-04T21:16:12Z
68.26249169702444,2018-01-04T21:19:27Z
92.69400137852138,2018-01-04T21:21:04Z
61.420347480468784,2018-01-04T21:22:26Z
78.55415744802845,2018-01-04T21:23:23Z
79.24425281775994,2018-01-04T21:33:01Z
92.18830897257831,2018-01-04T21:39:58Z
94.16763729085567,2018-01-04T21:44:40Z
81.67974323821235,2018-01-04T21:55:27Z
99.1530805376839,2018-01-04T22:00:21Z
75.87500876301601,2018-01-04T22:02:46Z
83.00993674220469,2018-01-04T22:06:56Z
71.6508018925357,2018-01-04T22:19:26Z
73.76450040367038,2018-01-04T22:19:34Z
81.35045067344984,2018-01-04T22:22:56Z
84.05753999734702,2018-01-04T22:30:26Z
93.28249441116299,2018-01-04T22:32:19Z
99.26247062189938,2018-01-04T22:33:04Z
91.94005364732331,2018-01-04T22:41:43Z
67.2161130754534,2018-01-04T22:51:02Z
103.68113752597213,2018-01-04T22:52:06Z
73.19867095357954,2018-01-04T22:56:49Z
67.2482649401914,2018-01-04T22:59:44Z
102.25367532069308,2018-01-04T23:00:15Z
93.28322224734428,2018-01-04T23:06:59Z
68.05339485464182,2018-01-04T23:08:23Z
90.25958928163173,2018-01-04T23:08:38Z
87.02732615057784,2018-01-04T23:09:19Z
82.93388609990946,2018-01-04T23:14:46Z
90.24084459115613,2018-01-04T23:26:06Z
104.75331938233086,2018-01-04T23:27:06Z
85.28294994633926,2018-01-04T23:31:17Z
81.04864190749922,2018-01-04T23:33:16Z
88.33097039135053,2018-01-04T23:50:23Z
71.94490354233224,2018-01-04T23:51:36Z
64.95690841929056,2018-01-04T23:55:24Z
88.15456293913552,2018-01-04T23:56:39Z
80.7127967470108,2018-01-04T23:57:26Z
66.47959267256356,2018-01-05T00:07:27Z
64.20929123139021,2018-01-05T00:11:48Z
88.91579109245235,2018-01-05T00:11:57Z
82.1492074328782,2018-01-05T00:32:16Z
83.69177750873504,2018-01-05T00:33:26Z
73.38494712622118,2018-01-05T00:37:22Z
69.5105007930964,2018-01-05T00:51:59Z
86.06535794867531,2018-01-05T00:54:55Z
62.2779672746189,2018-01-05T00:55:58Z
79.51662290006729,2018-01-05T00:57:22Z
100.47803529071756,2018-01-05T00:58:56Z
76.46191715376774,2018-01-05T01:07:54Z
75.81047093572758,2018-01-05T01:12:42Z
95.83553546046556,2018-01-05T01:52:34Z
81.65209619697237,2018-01-05T01:55:27Z
86.81981686363761,2018-01-05T01:58Z
87.07178359834474,2018-01-05T01:58:01Z
74.54174584236976,2018-01-05T01:59:29Z
96.30164938038754,2018-01-05T02:05:46Z
87.95426683938445,2018-01-05T02:14:38Z
76.96999948467362,2018-01-05T02:18:01Z
92.35307012579008,2018-01-05T02:18:36Z
64.39136634398876,2018-01-05T02:45:02Z
101.20051637896344,2018-01-05T02:55:06Z
97.62508797712943,2018-01-05T03:01:58Z
70.71924560189474,2018-01-05T03:05:58Z
81.24291821193994,2018-01-05T03:16:11Z
103.74295901965012,2018-01-05T03:18:03Z
66.7751839361199,2018-01-05T03:20:09Z
107.37880256545037,2018-01-05T03:28:10Z
88.20733134375553,2018-01-05T03:37:06Z
96.08749257379145,2018-01-05T03:38:08Z
71.73080896761448,2018-01-05T03:48:35Z
87.36813287919647,2018-01-05T03:59:34Z
89.85415127330864,2018-01-05T04:00:52Z
89.66629215112415,2018-01-05T04:03:36Z
77.91409349504147,2018-01-05T04:07:45Z
69.75449350340344,2018-01-05T04:10:30Z
83.69851642765592,2018-01-05T04:17:49Z
77.8083563103812,2018-01-05T04:23:11Z
74.41338040580972,2018-01-05T04:24:09Z
73.08129202751925,2018-01-05T04:28:23Z
71.75980931894111,2018-01-05T04:28:26Z
77.31497830072212,2018-01-05T04:29:42Z
70.12502159510726,2018-01-05T04:32:56Z
62.11416659959966,2018-01-05T04:38:41Z
92.49664066505397,2018-01-05T04:40:48Z
76.70488397942366,2018-01-05T04:50:22Z
68.39400815682068,2018-01-05T04:51:08Z
98.90724403024652,2018-01-05T04:51:32Z
91.97049270338437,2018-01-05T05:13:48Z
71.1001312612407,2018-01-05T05:14:40Z
95.36436371533216,2018-01-05T05:15:47Z
61.672653889859845,2018-01-05T05:23:49Z
104.724758887801,2018-01-05T05:25:45Z
75.1878699173794,2018-01-05T05:26:40Z
77.79411202467811,2018-01-05T05:31:08Z
87.8584078054538,2018-01-05T05:31:28Z
98.49440737849994,2018-01-05T05:31:54Z
77.72032900701302,2018-01-05T05:36:09Z
102.46385982891923,2018-01-05T05:36:52Z
80.22924228138187,2018-01-05T05:46:23Z
71.9820245269398,2018-01-05T05:54:24Z
84.09137877615684,2018-01-05T05:56:37Z
74.22110245566176,2018-01-05T05:59:32Z
74.46481200384171,2018-01-05T06:00:19Z
85.8600853083436,2018-01-05T06:10:23Z
69.70834891274916,2018-01-05T06:18:47Z
89.73042522420639,2018-01-05T06:26:46Z
66.65740988412122,2018-01-05T06:35:21Z
76.76396953709153,2018-01-05T06:40:10Z
71.90174622466188,2018-01-05T06:46:13Z
87.02633063891055,2018-01-05T06:49:13Z
93.51617635189459,2018-01-05T06:51:50Z
78.58355799681289,2018-01-05T06:54:20Z
72.1034938056143,2018-01-05T06:56:16Z
110.4965321687529,2018-01-05T06:59:30Z
86.47866857005646,2018-01-05T07:01:34Z
86.64752998449215,2018-01-05T07:02:06Z
84.19274842672932,2018-01-05T07:05:41Z
81.17417428406924,2018-01-05T07:13:13Z
73.62681539181631,2018-01-05T07:20:21Z
80.12407117863468,2018-01-05T07:27:46Z
62.73874405519979,2018-01-05T07:28:45Z
85.8658468441109,2018-01-05T07:41:45Z
86.2450519690593,2018-01-05T07:45:33Z
88.52504761584348,2018-01-05T07:46:44Z
79.43138364680372,2018-01-05T07:59:08Z
75.82158869414671,2018-01-05T08:01:13Z
78.42684685286598,2018-01-05T08:06:39Z
92.13766060615046,2018-01-05T08:08:02Z
86.5604189757984,2018-01-05T08:14:36Z
96.03207513358237,2018-01-05T08:18:09Z
86.32083795095431,2018-01-05T08:23:57Z
100.80187887750989,2018-01-05T08:29:50Z
79.47918078306105,2018-01-05T08:33:48Z
86.24911063812553,2018-01-05T08:38:30Z
76.37179085919496,2018-01-05T08:46:23Z
84.47579863108264,2018-01-05T08:49:58Z
81.36493151560632,2018-01-05T09:16:22Z
90.08769741277962,2018-01-05T09:20:12Z
102.50125605512434,2018-01-05T09:22:09Z
88.73955110524878,2018-01-05T09:35:57Z
91.37295823143116,2018-01-05T09:44:23Z
87.76282103546335,2018-01-05T09:45:12Z
64.27574386159023,2018-01-05T09:46:18Z
77.258934642361,2018-01-05T09:51:50Z
83.28675101616962,2018-01-05T09:54:38Z
90.10648963838449,2018-01-05T10:09:28Z
84.85566977714663,2018-01-05T10:09:53Z
63.1453980616797,2018-01-05T10:18:57Z
83.52938634251778,2018-01-05T10:40:24Z
92.74462470030888,2018-01-05T10:41:43Z
67.15666335073655,2018-01-05T10:45:33Z
92.81610006676215,2018-01-05T10:55:09Z
92.75469479466194,2018-01-05T10:58:42Z
92.2008346180337,2018-01-05T11:05:43Z
75.10399533508127,2018-01-05T11:08:19Z
95.77531792974716,2018-01-05T11:11:23Z
85.8306659235373,2018-01-05T11:16:20Z
81.3830624612849,2018-01-05T11:23:19Z
94.15141959068416,2018-01-05T11:26:09Z
86.20906066821262,2018-01-05T11:41:19Z
95.9879392198884,2018-01-05T11:46:20Z
77.11803939652164,2018-01-05T11:49:28Z
80.05183447920253,2018-01-05T11:54:54Z
73.37228167883627,2018-01-05T11:55:24Z
91.26995891698125,2018-01-05T12:03:19Z
84.2185214837627,2018-01-05T12:10:48Z
95.73790924062664,2018-01-05T12:15:49Z
77.95226379388265,2018-01-05T12:22:47Z
80.72341467430306,2018-01-05T12:23:17Z
65.67673578010866,2018-01-05T12:23:50Z
95.89558295372093,2018-01-05T12:23:50Z
82.28828247006162,2018-01-05T12:24:43Z
73.70347266418902,2018-01-05T12:29:01Z
60.627577178868485,2018-01-05T12:31:24Z
80.24299453535237,2018-01-05T12:35:14Z
79.39168232637618,2018-01-05T12:46:56Z
88.2051209271138,2018-01-05T12:47:21Z
78.27931772832419,2018-01-05T12:49:47Z
82.8006058646609,2018-01-05T12:54:36Z
79.012476073142,2018-01-05T13:02:19Z
83.12324500498696,2018-01-05T13:04:36Z
80.5234264321659,2018-01-05T13:13:56Z
69.23047294151168,2018-01-05T13:18:10Z
91.82663211570828,2018-01-05T13:20:14Z
94.83719676082832,2018-01-05T13:44:36Z
105.99348594878273,2018-01-05T13:47:11Z
87.77943192544407,2018-01-05T13:51:29Z
89.26306748997193,2018-01-05T13:59:02Z
107.61276355328181,2018-01-05T14:05Z
103.2953649875822,2018-01-05T14:07:25Z
77.69102821323514,2018-01-05T14:10Z
77.21907898031657,2018-01-05T14:10:22Z
81.3021389100655,2018-01-05T14:10:54Z
71.73157038463059,2018-01-05T14:12:50Z
70.12959609439098,2018-01-05T14:28Z
100.28140911464145,2018-01-05T14:29:03Z
63.50859686587246,2018-01-05T14:33:04Z
98.84522023966754,2018-01-05T14:33:56Z
112.47525723997143,2018-01-05T14:34:36Z
89.84041452860173,2018-01-05T14:40:40Z
72.70964339616727,2018-01-05T14:52:19Z
77.5379485904058,2018-01-05T14:56:58Z
60.48395219462756,2018-01-05T14:58:40Z
81.99552308354079,2018-01-05T15:01:12Z
82.77163014389006,2018-01-05T15:08:12Z
70.9722116308588,2018-01-05T15:11:16Z
82.7748154105026,2018-01-05T15:11:19Z
82.00925451176465,2018-01-05T15:17:05Z
82.47940027768709,2018-01-05T15:24:08Z
91.59559701976931,2018-01-05T15:24:11Z
104.736982040144,2018-01-05T15:30:22Z
82.6645677100446,2018-01-05T15:36:29Z
82.37956446390513,2018-01-05T15:45:48Z
82.25920780615628,2018-01-05T15:50:26Z
66.79372927887599,2018-01-05T15:55Z
95.77897207200054,2018-01-05T15:56:42Z
76.38120749568535,2018-01-05T15:56:55Z
86.81892353806045,2018-01-05T16:00:11Z
108.01849581554382,2018-01-05T16:06:15Z
96.09166034710124,2018-01-05T16:13:20Z
77.15814484764509,2018-01-05T16:17:19Z
81.94316365831635,2018-01-05T16:18:15Z
68.64944488375173,2018-01-05T16:19:18Z
84.65710386583154,2018-01-05T16:26:34Z
74.60785683413891,2018-01-05T16:31:23Z
94.59883117601395,2018-01-05T16:32:40Z
72.73619637414008,2018-01-05T16:37:21Z
70.94532692987363,2018-01-05T16:47:25Z
80.31094331189779,2018-01-05T16:53:55Z
91.31767587612813,2018-01-05T16:54:35Z
88.47104417955228,2018-01-05T16:56:38Z
76.60965725528563,2018-01-05T17:00:11Z
69.97738375385988,2018-01-05T17:00:17Z
99.7645116701172,2018-01-05T17:01:16Z
112.97648017287909,2018-01-05T17:01:59Z
85.33114659255929,2018-01-05T17:08Z
87.87868079037207,2018-01-05T17:08:07Z
97.84715155926028,2018-01-05T17:19:26Z
96.71372316364226,2018-01-05T17:24:43Z
62.68260901698357,2018-01-05T17:28:14Z
83.20005026509293,2018-01-05T17:28:20Z
86.41155362183451,2018-01-05T17:34:27Z
85.9701063544436,2018-01-05T17:35:32Z
83.65248745660487,2018-01-05T17:36:19Z
93.62581508483495,2018-01-05T17:38:04Z
89.88702410352474,2018-01-05T17:46:40Z
94.10347252937837,2018-01-05T17:47:33Z
88.91902771385439,2018-01-05T17:54:18Z
80.11678391831826,2018-01-05T17:58:49Z
96.8600283496622,2018-01-05T18:01:05Z
82.03837167709943,2018-01-05T18:07:04Z
90.96255823318322,2018-01-05T18:13:15Z
79.31860647512737,2018-01-05T18:13:45Z
77.1094027748665,2018-01-05T18:16:09Z
66.98915050695567,2018-01-05T18:20:10Z
60.03814087420065,2018-01-05T18:21:18Z
104.36492755372952,2018-01-05T18:21:55Z
97.43957922820302,2018-01-05T18:23:03Z
101.83294241963956,2018-01-05T18:24:56Z
64.85611332567328,2018-01-05T18:27:46Z
100.10624692808297,2018-01-05T18:29:10Z
98.01447189586487,2018-01-05T18:29:20Z
84.75707007431645,2018-01-05T18:38:21Z
64.44555387777629,2018-01-05T18:43:47Z
80.20199438413222,2018-01-05T18:43:59Z
83.78027753674111,2018-01-05T18:48:57Z
73.13209306654663,2018-01-05T18:50:09Z
67.65232799959486,2018-01-05T19:23:38Z
89.54321188659894,2018-01-05T19:25:47Z
78.35336626894649,2018-01-05T19:30:25Z
64.86492712305885,2018-01-05T19:30:42Z
82.1336694108395,2018-01-05T19:34:43Z
71.25597790583865,2018-01-05T19:36:20Z
84.08101607219204,2018-01-05T19:43:41Z
61.74316444494037,2018-01-05T19:45:02Z
75.5610484511354,2018-01-05T19:45:29Z
60.051728729375206,2018-01-05T19:47:21Z
73.97208666780311,2018-01-05T19:48:20Z
72.63883406846239,2018-01-05T19:51:47Z
76.78572411288756,2018-01-05T19:52:56Z
74.08906232190252,2018-01-05T19:54:08Z
84.66866175177026,2018-01-05T19:58:33Z
73.96165103188285,2018-01-05T20:09:54Z
68.55556455490655,2018-01-05T20:12:24Z
88.16412962592307,2018-01-05T20:22:18Z
90.28325993965952,2018-01-05T20:24:25Z
83.43943740486169,2018-01-05T20:30:58Z
68.59074839312794,2018-01-05T20:33:32Z
80.09143844834612,2018-01-05T20:35:02Z
77.20656956091219,2018-01-05T20:36:50Z
63.718872375349065,2018-01-05T20:39:35Z
82.71006376630679,2018-01-05T20:40:59Z
106.39568975505486,2018-01-05T20:43:26Z
74.87846521408689,2018-01-05T21:17:58Z
100.59088745331499,2018-01-05T21:18:14Z
80.56260847453915,2018-01-05T21:21:37Z
98.84580841452619,2018-01-05T21:22:03Z
70.63497366242842,2018-01-05T21:26:39Z
68.70552278944645,2018-01-05T21:35:27Z
89.56964152879867,2018-01-05T21:40:06Z
66.87838119220407,2018-01-05T21:49:09Z
74.04336817627858,2018-01-05T22:01:06Z
77.92955155076326,2018-01-05T22:05:05Z
77.41931566063327,2018-01-05T22:11:20Z
91.85508302083726,2018-01-05T22:14:47Z
76.56884757883466,2018-01-05T22:17:26Z
85.61489964872715,2018-01-05T22:19:15Z
84.79112448588126,2018-01-05T22:21:46Z
88.81046566660287,2018-01-05T22:26:03Z
69.57393079270167,2018-01-05T22:27:02Z
64.00621713974098,2018-01-05T22:35:01Z
75.44916539998185,2018-01-05T22:46:45Z
88.25440567698837,2018-01-05T22:53:39Z
79.45161274710391,2018-01-05T22:56:37Z
75.35747280647303,2018-01-05T22:59Z
94.82502523766637,2018-01-05T22:59:21Z
82.88547621988099,2018-01-05T23:05:21Z
64.96627581728596,2018-01-05T23:09:47Z
71.39370027980141,2018-01-05T23:12:14Z
73.08031818244075,2018-01-05T23:21:08Z
70.7875495034121,2018-01-05T23:30:33Z
67.33587084014293,2018-01-05T23:32:15Z
70.78381627755681,2018-01-05T23:34Z
76.94575139292529,2018-01-05T23:41:50Z
101.20049734351502,2018-01-05T23:44:04Z
90.2125269052092,2018-01-05T23:47:21Z
83.9196088510885,2018-01-05T23:47:28Z
81.98742749497669,2018-01-05T23:55:49Z
87.06269540681441,2018-01-05T23:59:23Z
80.20279500180925,2018-01-06T00:01:27Z
89.56534342255713,2018-01-06T00:04:49Z
84.2103612613919,2018-01-06T00:10:04Z
90.53834034881248,2018-01-06T00:26:31Z
62.418946172863485,2018-01-06T00:27:08Z
86.2523609216879,2018-01-06T00:31:20Z
85.47035324120937,2018-01-06T00:31:46Z
69.26876386472367,2018-01-06T00:37:32Z
86.19332157709344,2018-01-06T00:38:11Z
85.50975622766335,2018-01-06T00:39:36Z
77.41371878248334,2018-01-06T00:49:59Z
76.69332420037792,2018-01-06T00:51:44Z
91.8566563448601,2018-01-06T01:06:15Z
79.05173662411235,2018-01-06T01:15:59Z
91.94021283798233,2018-01-06T01:19:55Z
62.337517977377026,2018-01-06T01:30:47Z
94.68137008894571,2018-01-06T01:31:32Z
61.34317039442082,2018-01-06T01:31:52Z
79.28260194624119,2018-01-06T01:33:51Z
75.73675056850114,2018-01-06T01:37:01Z
70.13650600583311,2018-01-06T01:37:44Z
70.77579765442682,2018-01-06T01:40:34Z
84.134875432638,2018-01-06T01:48:45Z
99.8118634249666,2018-01-06T01:53:42Z
76.3676106866699,2018-01-06T01:59:07Z
67.5768370954018,2018-01-06T01:59:11Z
90.43456899448663,2018-01-06T02:08:14Z
82.64262352829539,2018-01-06T02:11:26Z
93.65009485372063,2018-01-06T02:13:14Z
79.2612720059571,2018-01-06T02:15:01Z
80.95082300026922,2018-01-06T02:25:27Z
80.70836919067004,2018-01-06T02:28:08Z
60.25634682477514,2018-01-06T02:29:57Z
79.53243694226752,2018-01-06T02:31:05Z
90.53506957415388,2018-01-06T02:37:57Z
75.80087656702507,2018-01-06T02:41:47Z
101.67809604808134,2018-01-06T02:46:20Z
60.85738906715663,2018-01-06T02:53:34Z
72.56299079259061,2018-01-06T03:00:10Z
62.79527219921801,2018-01-06T03:16:39Z
100.70045279635515,2018-01-06T03:20:01Z
80.56082679626047,2018-01-06T03:27:46Z
98.31998762117566,2018-01-06T03:31:32Z
81.90156095369233,2018-01-06T03:34:34Z
85.6276212350677,2018-01-06T03:35:17Z
73.07541564556111,2018-01-06T03:36:48Z
61.58976158118292,2018-01-06T03:42:12Z
82.84093698989707,2018-01-06T03:43:21Z
94.81280477582037,2018-01-06T03:44:05Z
103.69752754217376,2018-01-06T03:45:28Z
78.33066461637115,2018-01-06T03:49:03Z
90.34267669768793,2018-01-06T03:55:15Z
66.28992170134447,2018-01-06T04:00:06Z
79.88146884851848,2018-01-06T04:09:28Z
82.691798892786,2018-01-06T04:09:58Z
105.40860959541405,2018-01-06T04:11:36Z
88.91799029840314,2018-01-06T04:21:47Z
66.49108290213198,2018-01-06T04:23:28Z
61.59744909447214,2018-01-06T04:28:32Z
78.1300146445378,2018-01-06T04:39:25Z
80.7362399819157,2018-01-06T04:42:23Z
94.7386284217341,2018-01-06T04:47Z
63.670376802923656,2018-01-06T04:50Z
82.15538160849505,2018-01-06T04:52:32Z
80.88676645052908,2018-01-06T04:54:20Z
83.46268471334268,2018-01-06T04:56:11Z
85.48479349660225,2018-01-06T05:05:13Z
90.27467688583256,2018-01-06T05:05:26Z
74.70741762589827,2018-01-06T05:08:02Z
98.16492768406891,2018-01-06T05:10:51Z
85.05896586994163,2018-01-06T05:12:44Z
78.03636840559679,2018-01-06T05:32:58Z
79.81613762698609,2018-01-06T05:33:19Z
74.40506544369595,2018-01-06T05:38:48Z
93.8259633618309,2018-01-06T05:46:20Z
87.41270951716378,2018-01-06T05:55:02Z
64.57388131510301,2018-01-06T06:03:24Z
65.14464332607818,2018-01-06T06:03:52Z
90.50686116409322,2018-01-06T06:06:08Z
79.22907807981916,2018-01-06T06:07:08Z
68.82124602433767,2018-01-06T06:07:41Z
80.92699553794723,2018-01-06T06:10:18Z
64.97002024239602,2018-01-06T06:29:50Z
65.87494434311292,2018-01-06T06:45:52Z
92.67737563404202,2018-01-06T06:52:16Z
72.62210626166868,2018-01-06T06:59:21Z
78.63567947290954,2018-01-06T07:03:18Z
68.92630794117659,2018-01-06T07:07:22Z
83.3352033682321,2018-01-06T07:08:54Z
98.27861444325485,2018-01-06T07:21:42Z
90.508203907121,2018-01-06T07:30:23Z
80.24837180715288,2018-01-06T07:31:13Z
70.31247116795642,2018-01-06T07:47:04Z
92.73013067103506,2018-01-06T07:47:08Z
69.95338710068,2018-01-06T07:52:43Z
72.33231685639977,2018-01-06T07:57:11Z
65.78138472986073,2018-01-06T08:08:19Z
78.39523897964607,2018-01-06T08:12:06Z
79.20371051254047,2018-01-06T08:31:17Z
77.96887752816903,2018-01-06T08:31:40Z
77.32747516396726,2018-01-06T08:33:58Z
70.7974362147634,2018-01-06T08:36:09Z
79.48511038061318,2018-01-06T08:47:52Z
72.80589455338499,2018-01-06T09:01:33Z
76.21634161102853,2018-01-06T09:04:52Z
73.58469021760624,2018-01-06T09:06:43Z
87.17079348526892,2018-01-06T09:31:33Z
78.06323221130667,2018-01-06T09:50:05Z
84.65561892531207,2018-01-06T09:51:06Z
76.77243474917584,2018-01-06T09:51:26Z
61.57073886955702,2018-01-06T09:55:45Z
77.23958932440338,2018-01-06T10:00:41Z
88.95172909761962,2018-01-06T10:00:45Z
80.83326316207635,2018-01-06T10:02:35Z
90.4521947865528,2018-01-06T10:02:42Z
77.85144247350948,2018-01-06T10:02:55Z
97.68359290383529,2018-01-06T10:10:43Z
79.20435838203952,2018-01-06T10:11:43Z
77.91687910012182,2018-01-06T10:12:05Z
79.73472160269348,2018-01-06T10:17:17Z
86.29619601190721,2018-01-06T10:29:46Z
84.8763466745809,2018-01-06T10:31:06Z
81.25338340843538,2018-01-06T10:37:51Z
80.6962710230385,2018-01-06T10:38:22Z
77.72065613349704,2018-01-06T10:39:30Z
69.92850340716157,2018-01-06T10:41:10Z
64.81824137607464,2018-01-06T10:45:19Z
85.35792838967977,2018-01-06T10:45:19Z
75.62189803813526,2018-01-06T10:45:42Z
72.0974136787692,2018-01-06T11:08:30Z
84.42603536756658,2018-01-06T11:14:39Z
73.82096961352019,2018-01-06T11:31:50Z
63.81877596225995,2018-01-06T11:42:33Z
61.24187587809217,2018-01-06T11:43:06Z
73.90289252335133,2018-01-06T11:47:22Z
89.82274589865524,2018-01-06T11:51:28Z
72.31741253853681,2018-01-06T11:52:43Z
75.3436174535686,2018-01-06T11:53:42Z
76.34491447263848,2018-01-06T11:58:31Z
