oxygen-saturation,timestamp
94.27577718604546,2018-01-01T12:00:02Z
93.67220420587861,2018-01-01T12:00:09Z
96.92463005585435,2018-01-01T12:04:40Z
91.09719227019498,2018-01-01T12:05:19Z
96.46702603289313,2018-01-01T12:09:27Z
92.76963610303554,2018-01-01T12:13:29Z
93.80587217426714,2018-01-01T12:15:20Z
94.91583894097927,2018-01-01T12:15:29Z
96.9820012649382,2018-01-01T12:19:32Z
93.85823844109612,2018-01-01T12:22:04Z
97.48119700886835,2018-01-01T12:24:26Z
95.88050563569823,2018-01-01T12:32:13Z
97.33004851127193,2018-01-01T12:36:52Z
91.29111897973573,2018-01-01T12:39:08Z
91.92567043580681,2018-01-01T12:40:29Z
92.84901374128204,2018-01-01T12:42:01Z
96.79141584192242,2018-01-01T12:50:18Z
96.36543614041369,2018-01-01T12:55:35Z
92.75532535313798,2018-01-01T12:57:17Z
97.79631590325913,2018-01-01T13:02:21Z
94.24380280298959,2018-01-01T13:06:18Z
93.93426162340643,2018-01-01T13:07:54Z
93.80294995386762,2018-01-01T13:09:03Z
93.79710844575006,2018-01-01T13:10:59Z
93.41414221119055,2018-01-01T13:26:54Z
93.60896498844114,2018-01-01T13:37:57Z
95.355239727328,2018-01-01T13:39:27Z
93.59579996979438,2018-01-01T13:41:27Z
95.0095526849397,2018-01-01T13:52:06Z
95.14159505096796,2018-01-01T14:04:45Z
94.47355577980426,2018-01-01T14:14:58Z
93.9471050171615,2018-01-01T14:18:44Z
96.58665457729829,2018-01-01T14:18:45Z
93.51788002677178,2018-01-01T14:29:26Z
93.79928767341205,2018-01-01T14:29:45Z
96.55734106643988,2018-01-01T14:31:10Z
96.33938485767321,2018-01-01T14:43:42Z
96.04074780410146,2018-01-01T15:02:54Z
96.36898968766131,2018-01-01T15:05:04Z
95.89477683950886,2018-01-01T15:07:13Z
94.3410865500257,2018-01-01T15:16:09Z
92.30138780827666,2018-01-01T15:18:02Z
94.72676720836232,2018-01-01T15:19:53Z
93.80129316208264,2018-01-01T15:27:29Z
95.06459102266558,2018-01-01T15:48:36Z
95.77138030588546,2018-01-01T15:54:55Z
96.72913357459318,2018-01-01T15:57:51Z
94.40517379985818,2018-01-01T16:03:15Z
91.97070890500838,2018-01-01T16:10:46Z
92.24976763694082,2018-01-01T16:16:35Z
94.97364295952212,2018-01-01T16:19:13Z
91.80631282294677,2018-01-01T16:20:41Z
96.92735424857749,2018-01-01T16:21:56Z
92.77488055388292,2018-01-01T16:30:58Z
97.67541744144087,2018-01-01T16:31:47Z
96.08745910435245,2018-01-01T16:36:01Z
97.34391331362566,2018-01-01T16:41:32Z
93.27548032804837,2018-01-01T16:56:03Z
97.88571116772674,2018-01-01T16:56:14Z
94.46324735666654,2018-01-01T16:57:58Z
94.06966821440503,2018-01-01T17:06:35Z
95.5627272737557,2018-01-01T17:09:27Z
93.46162172173881,2018-01-01T17:14:28Z
96.90068616335611,2018-01-01T17:19:43Z
92.92062027802501,2018-01-01T17:22:24Z
96.21969651720505,2018-01-01T17:44:33Z
91.1728872004412,2018-01-01T17:47:17Z
91.84386453365427,2018-01-01T17:48:07Z
94.47337210669572,2018-01-01T17:49:09Z
94.74893614453131,2018-01-01T17:56:18Z
92.56155374439734,2018-01-01T18:04:02Z
96.30305765923761,2018-01-01T18:04:37Z
93.32737989631744,2018-01-01T18:13:52Z
97.0201167079291,2018-01-01T18:15:21Z
92.07090149341848,2018-01-01T18:37:30Z
94.69699808879685,2018-01-01T18:43:09Z
97.62090791037512,2018-01-01T18:48:36Z
92.17754607032262,2018-01-01T18:50:06Z
91.97400591618752,2018-01-01T19:06:58Z
93.60191879856121,2018-01-01T19:07:09Z
92.26433860349826,2018-01-01T19:09:58Z
92.39474426207845,2018-01-01T19:12:11Z
92.78880626093954,2018-01-01T19:14:06Z
94.84200868292221,2018-01-01T19:35:27Z
94.40021450865494,2018-01-01T19:42:23Z
96.06781729315377,2018-01-01T19:42:48Z
92.34762116865157,2018-01-01T19:57:22Z
94.67501395580156,2018-01-01T19:57:22Z
95.99130967158797,2018-01-01T19:59:50Z
95.48390788614252,2018-01-01T20:02:30Z
95.2457760708533,2018-01-01T20:02:57Z
97.20453358506721,2018-01-01T20:16:56Z
93.70180805382236,2018-01-01T20:18:10Z
95.43733860620854,2018-01-01T20:25:01Z
96.00586014310824,2018-01-01T20:34:45Z
95.08870728620269,2018-01-01T20:38:49Z
96.30354981633546,2018-01-01T20:44:25Z
93.69714206607122,2018-01-01T20:48:35Z
97.3207740071872,2018-01-01T20:48:42Z
95.85504736209971,2018-01-01T20:55:46Z
97.25428031200272,2018-01-01T20:58:01Z
95.69575454956322,2018-01-01T21:01:12Z
95.32469547624686,2018-01-01T21:08:17Z
97.6319394845859,2018-01-01T21:10:58Z
92.11762281529182,2018-01-01T21:11:04Z
92.40805724711045,2018-01-01T21:16:35Z
94.7539078915023,2018-01-01T21:16:52Z
93.66220455923784,2018-01-01T21:27:39Z
93.10092676924518,2018-01-01T21:31:08Z
95.60922149324898,2018-01-01T21:38:05Z
96.5091500087093,2018-01-01T22:02:26Z
97.09446188384044,2018-01-01T22:03:28Z
95.16205360016464,2018-01-01T22:08:44Z
94.48205766389951,2018-01-01T22:11:02Z
96.43769960502063,2018-01-01T22:12:02Z
91.95161064741498,2018-01-01T22:21:19Z
95.37967773835572,2018-01-01T22:24:17Z
95.16968618734548,2018-01-01T22:31:36Z
93.26370421776716,2018-01-01T22:35:26Z
96.04095702965157,2018-01-01T22:37:17Z
97.58066923759475,2018-01-01T22:37:32Z
92.1721536174878,2018-01-01T22:38:48Z
92.51787127390581,2018-01-01T22:39:10Z
95.25589421476882,2018-01-01T22:39:43Z
95.1551269954995,2018-01-01T22:47:10Z
93.7269895637502,2018-01-01T22:47:21Z
95.82836951805587,2018-01-01T22:52:15Z
93.42791994676494,2018-01-01T22:59:47Z
94.04899259862401,2018-01-01T23:00:13Z
93.32970836530288,2018-01-01T23:08:13Z
92.45689074332732,2018-01-01T23:14:06Z
95.8705767397304,2018-01-01T23:21:03Z
91.83303221409102,2018-01-01T23:21:10Z
95.71556154103111,2018-01-01T23:21:20Z
93.48723270832781,2018-01-01T23:26:09Z
96.18930894638449,2018-01-01T23:31:37Z
92.95376566093901,2018-01-01T23:31:58Z
97.96884534053173,2018-01-01T23:33:02Z
94.75035066905932,2018-01-01T23:35:22Z
96.55572824168763,2018-01-01T23:38:44Z
94.61164630282384,2018-01-01T23:40:01Z
91.94200570013302,2018-01-01T23:48:53Z
95.16994104911632,2018-01-01T23:50:08Z
95.57404119196443,2018-01-01T23:50:24Z
96.10996940865077,2018-01-01T23:58:31Z
89.50655995074698,2018-01-02T00:03:55Z
96.49956188710131,2018-01-02T00:05:31Z
97.80367462105923,2018-01-02T00:05:40Z
94.4378762594847,2018-01-02T00:13:09Z
91.96683491408935,2018-01-02T00:14:42Z
94.19479714248408,2018-01-02T00:17:47Z
94.43736499715656,2018-01-02T00:23:19Z
91.92083072215513,2018-01-02T00:23:30Z
95.73926813509279,2018-01-02T00:27:32Z
94.51450469982274,2018-01-02T00:30:17Z
95.22648180626732,2018-01-02T00:34:57Z
97.17033920226756,2018-01-02T00:35:29Z
96.13158889890262,2018-01-02T00:40:15Z
94.30049641331027,2018-01-02T00:40:48Z
92.65298383207383,2018-01-02T00:45:27Z
97.52801737806676,2018-01-02T00:46:05Z
91.03232333263654,2018-01-02T00:46:30Z
97.87434115006886,2018-01-02T00:51:49Z
92.48613428036128,2018-01-02T00:58:32Z
92.59946389420953,2018-01-02T00:59:02Z
92.99005584086716,2018-01-02T01:01:40Z
93.8793409108,2018-01-02T01:04:38Z
91.72117173403744,2018-01-02T01:05:03Z
97.12165752298066,2018-01-02T01:15:28Z
95.15921017092697,2018-01-02T01:18:06Z
96.31065408801074,2018-01-02T01:18:48Z
94.64403597317023,2018-01-02T01:20:50Z
96.80440927969823,2018-01-02T01:27:49Z
96.21343224019313,2018-01-02T01:28:31Z
92.31465676783466,2018-01-02T01:31:44Z
94.77126103203658,2018-01-02T01:33:15Z
95.48965462274516,2018-01-02T01:35:11Z
94.06467810348303,2018-01-02T01:35:32Z
96.04711696773263,2018-01-02T01:35:45Z
96.04920939560449,2018-01-02T01:51:24Z
95.58449191135274,2018-01-02T02:02:10Z
92.9809004697083,2018-01-02T02:06Z
94.2460797676029,2018-01-02T02:09:56Z
95.54860312301162,2018-01-02T02:16Z
96.9153736314584,2018-01-02T02:18:37Z
97.77450776425164,2018-01-02T02:38:03Z
96.76300525883165,2018-01-02T02:40:01Z
95.73399075321043,2018-01-02T02:53:07Z
94.72257024030084,2018-01-02T02:53:19Z
94.73645583258885,2018-01-02T02:56:19Z
94.85006576361467,2018-01-02T03:01:39Z
95.94102880494664,2018-01-02T03:02:07Z
94.4734480431774,2018-01-02T03:02:24Z
93.3797268389208,2018-01-02T03:06:20Z
94.07148675130654,2018-01-02T03:08:54Z
94.85453613758197,2018-01-02T03:13:09Z
93.69102187365974,2018-01-02T03:14:13Z
95.02613995190693,2018-01-02T03:14:21Z
95.59902537954811,2018-01-02T03:15:15Z
92.9116802589994,2018-01-02T03:24:31Z
93.31455416356965,2018-01-02T03:30:03Z
92.53443283539636,2018-01-02T03:34:09Z
95.56179441441874,2018-01-02T03:35:09Z
95.64248067012905,2018-01-02T03:38:48Z
96.32639026562315,2018-01-02T03:39Z
93.56072244487662,2018-01-02T03:41:40Z
94.77231567893844,2018-01-02T03:47:19Z
94.08793921726075,2018-01-02T03:53:37Z
91.69932826938252,2018-01-02T04:01:35Z
95.96413529386955,2018-01-02T04:21:37Z
97.99309468280829,2018-01-02T04:21:54Z
92.70666195708786,2018-01-02T04:31:27Z
96.78576980813224,2018-01-02T04:32:46Z
96.63003849418187,2018-01-02T04:44:51Z
91.06483295648972,2018-01-02T04:47:20Z
94.95757094758407,2018-01-02T05:04:31Z
95.22371639147553,2018-01-02T05:05:30Z
96.54265289548063,2018-01-02T05:11:15Z
93.7289121510309,2018-01-02T05:11:26Z
95.44550773343283,2018-01-02T05:11:54Z
97.54569767944542,2018-01-02T05:15:03Z
91.15231559230781,2018-01-02T05:19:18Z
94.23713285682334,2018-01-02T05:20:46Z
92.51047964120326,2018-01-02T05:21:58Z
93.85703420975052,2018-01-02T05:37:31Z
96.26638212738561,2018-01-02T05:38:43Z
96.90861720292807,2018-01-02T05:49:09Z
95.20742982215921,2018-01-02T05:55:51Z
96.31890686518418,2018-01-02T06:03:17Z
96.91561467058033,2018-01-02T06:28:12Z
93.50055870398072,2018-01-02T06:40:12Z
97.62220232389106,2018-01-02T06:42:50Z
94.64182699218185,2018-01-02T06:44:44Z
92.03343118992149,2018-01-02T06:44:49Z
95.3088650361308,2018-01-02T06:59:22Z
97.42612623073833,2018-01-02T07:04:53Z
93.15207773588898,2018-01-02T07:07:22Z
96.95269154591507,2018-01-02T07:08:32Z
97.1420184413256,2018-01-02T07:22:26Z
95.54362427012944,2018-01-02T07:23:32Z
92.64272442737109,2018-01-02T07:25:28Z
95.96528230423301,2018-01-02T07:35:59Z
92.26187642913096,2018-01-02T07:38:43Z
95.23084761381708,2018-01-02T07:39:06Z
94.74740558786267,2018-01-02T07:47:09Z
96.6141150032743,2018-01-02T07:54:45Z
94.13079679412041,2018-01-02T08:12:40Z
92.13030015213664,2018-01-02T08:13:30Z
92.28637351362204,2018-01-02T08:15:28Z
94.61657831263419,2018-01-02T08:23:38Z
96.29218677666175,2018-01-02T08:35:35Z
91.32164118914268,2018-01-02T08:44:08Z
92.63367358550046,2018-01-02T08:48:46Z
96.08094544904556,2018-01-02T08:56:45Z
94.11838781165707,2018-01-02T08:56:52Z
94.7054414168381,2018-01-02T09:06:17Z
93.99377527846397,2018-01-02T09:08:27Z
96.86411088551301,2018-01-02T09:10:37Z
96.29634868372925,2018-01-02T09:14Z
96.36271318801,2018-01-02T09:16:48Z
96.63203743321635,2018-01-02T09:18:36Z
95.0880661055242,2018-01-02T09:30:08Z
97.2655602798988,2018-01-02T09:31:03Z
95.74598639589418,2018-01-02T09:38:31Z
93.79473730324162,2018-01-02T09:42:11Z
90.57453055319618,2018-01-02T09:44:53Z
92.26704130635231,2018-01-02T09:51:18Z
95.91830952688633,2018-01-02T10:01:14Z
95.51486639677866,2018-01-02T10:04:21Z
94.2632779252779,2018-01-02T10:12:24Z
96.36300676208347,2018-01-02T10:17:34Z
93.04597718544673,2018-01-02T10:21:16Z
92.73447727206997,2018-01-02T10:29:37Z
94.87256628630855,2018-01-02T10:30:28Z
92.96620117700465,2018-01-02T10:47:38Z
91.49748971291967,2018-01-02T10:50:31Z
94.81877785937174,2018-01-02T10:50:37Z
93.840482358891,2018-01-02T10:52:27Z
96.96161721150078,2018-01-02T10:55:52Z
94.88686584683632,2018-01-02T10:57:04Z
94.41169216399791,2018-01-02T11:02:26Z
95.21557235147063,2018-01-02T11:06:56Z
96.52928582768665,2018-01-02T11:14:50Z
96.71455793084496,2018-01-02T11:17:22Z
94.0590942114711,2018-01-02T11:19:41Z
96.51006243141602,2018-01-02T11:25:32Z
92.5605165691121,2018-01-02T11:26:15Z
93.03644407118091,2018-01-02T11:28:14Z
96.04963759460097,2018-01-02T11:41:44Z
96.15465211507862,2018-01-02T11:43:48Z
93.79316322158228,2018-01-02T11:46:49Z
96.16359672253564,2018-01-02T11:55:30Z
92.29931894871044,2018-01-02T11:57:15Z
94.63761418946092,2018-01-02T12:03:34Z
94.15473995373317,2018-01-02T12:07:49Z
95.52036333268742,2018-01-02T12:10:41Z
94.52151709207183,2018-01-02T12:13:16Z
93.76664140944649,2018-01-02T12:13:37Z
97.7926920710158,2018-01-02T12:17:24Z
95.53597009394353,2018-01-02T12:17:57Z
97.72234979820854,2018-01-02T12:18:05Z
94.63335364251755,2018-01-02T12:22:09Z
97.2424230211756,2018-01-02T12:25:36Z
94.53383376360553,2018-01-02T12:26:42Z
93.96188719609124,2018-01-02T12:28:38Z
94.7188046386662,2018-01-02T12:29:51Z
93.8795627307855,2018-01-02T12:30:47Z
94.2237209999379,2018-01-02T12:31:46Z
94.28560540162101,2018-01-02T12:54:38Z
95.70541867689299,2018-01-02T13:11:24Z
93.78716472578694,2018-01-02T13:11:41Z
96.15147510516593,2018-01-02T13:26:28Z
93.90238834747237,2018-01-02T13:26:28Z
92.38907643564644,2018-01-02T13:37:21Z
91.46096777230868,2018-01-02T13:38:18Z
94.25282998540204,2018-01-02T13:39:08Z
96.55119745750525,2018-01-02T13:49:09Z
96.11156915926357,2018-01-02T13:51:01Z
96.40824560931306,2018-01-02T13:52:26Z
93.8743739270984,2018-01-02T13:55:32Z
97.63536923024911,2018-01-02T14:05Z
93.93770125382441,2018-01-02T14:06:29Z
93.26060194726789,2018-01-02T14:07:55Z
94.56688422805398,2018-01-02T14:09:59Z
95.75811932556039,2018-01-02T14:10:33Z
95.97096217298716,2018-01-02T14:11:09Z
96.91123048633553,2018-01-02T14:17:31Z
94.16646627571906,2018-01-02T14:19:07Z
94.17348795527164,2018-01-02T14:19:47Z
91.44023027042333,2018-01-02T14:20:46Z
94.62795584085231,2018-01-02T14:25:34Z
97.1775020319515,2018-01-02T14:32:52Z
96.54746240925516,2018-01-02T14:33:47Z
96.58321854440302,2018-01-02T14:38:06Z
91.57613780761146,2018-01-02T14:41:54Z
95.10905256470114,2018-01-02T14:43:45Z
94.6122311677679,2018-01-02T14:44:55Z
97.09654771621413,2018-01-02T14:52:55Z
95.67943198590136,2018-01-02T14:57:34Z
92.46883267157457,2018-01-02T14:59:12Z
93.69112964447511,2018-01-02T14:59:46Z
95.6013653606796,2018-01-02T15:00:13Z
94.21702127314802,2018-01-02T15:00:38Z
93.87223504095691,2018-01-02T15:16:52Z
94.77119470336488,2018-01-02T15:19:34Z
94.27450205266233,2018-01-02T15:25:52Z
93.93253000379357,2018-01-02T15:28:16Z
94.89474846987315,2018-01-02T15:40:41Z
94.06237408678557,2018-01-02T15:46:02Z
94.02143318042104,2018-01-02T15:48:20Z
96.61340187795383,2018-01-02T15:51:42Z
94.06920454736176,2018-01-02T15:55:18Z
94.14172837699464,2018-01-02T15:58:28Z
94.08621858958708,2018-01-02T15:59:11Z
93.85782954947557,2018-01-02T16:02:40Z
94.07712676232175,2018-01-02T16:12:18Z
93.7990685240323,2018-01-02T16:15:38Z
93.19090663584018,2018-01-02T16:16:01Z
96.83251669155423,2018-01-02T16:18Z
95.69480623550207,2018-01-02T16:18:44Z
95.55544373316769,2018-01-02T16:25:37Z
96.3694297785003,2018-01-02T16:43:07Z
93.60396715094123,2018-01-02T16:43:54Z
92.28794598149982,2018-01-02T16:44:36Z
93.32269211099845,2018-01-02T16:44:53Z
97.97852610453087,2018-01-02T16:56:21Z
96.87006860024239,2018-01-02T16:59:24Z
93.65329065946965,2018-01-02T17:02:10Z
93.2479803197325,2018-01-02T17:09:29Z
93.05548256225667,2018-01-02T17:15:39Z
94.76589581862092,2018-01-02T17:18:42Z
96.3678206102498,2018-01-02T17:21:46Z
91.4193860245752,2018-01-02T17:22:41Z
94.25469888236589,2018-01-02T17:36:29Z
92.88036936064188,2018-01-02T17:39:08Z
96.0485849650983,2018-01-02T17:43:54Z
95.19974889793492,2018-01-02T17:45:16Z
91.99507789026362,2018-01-02T17:47:07Z
94.02062246101191,2018-01-02T17:49:22Z
96.04776164808442,2018-01-02T18:08:31Z
95.54419017293958,2018-01-02T18:09:55Z
96.20830801604427,2018-01-02T18:14:45Z
90.71696191970821,2018-01-02T18:16:18Z
93.72697077898533,2018-01-02T18:16:45Z
96.10637207797615,2018-01-02T18:18:59Z
89.86254064319711,2018-01-02T18:19:30Z
96.355577500141,2018-01-02T18:20:26Z
96.55781773002978,2018-01-02T18:30:14Z
94.86095163972851,2018-01-02T18:31:57Z
93.53251381615718,2018-01-02T18:33:40Z
95.81045145285003,2018-01-02T18:38:30Z
96.09488791257624,2018-01-02T18:40:13Z
96.11472212210252,2018-01-02T18:40:26Z
95.9641905517579,2018-01-02T18:41:14Z
92.85882027726137,2018-01-02T18:41:37Z
95.88143032461687,2018-01-02T18:42:47Z
94.26889634562168,2018-01-02T18:43:30Z
92.90494091840687,2018-01-02T18:47:12Z
94.86208369768325,2018-01-02T18:49:25Z
91.5622240683637,2018-01-02T18:53:15Z
95.09301559253383,2018-01-02T19:01:13Z
93.5673154162934,2018-01-02T19:02:01Z
94.62655975592742,2018-01-02T19:02:44Z
94.91387368880103,2018-01-02T19:09:03Z
95.64649384270552,2018-01-02T19:18:45Z
95.64332022596624,2018-01-02T19:21:44Z
94.44754147235903,2018-01-02T19:24:51Z
95.46572166724377,2018-01-02T19:41:28Z
97.62294161961698,2018-01-02T19:48:54Z
91.17462141366605,2018-01-02T19:56:16Z
93.27312867122416,2018-01-02T19:59:12Z
92.4445392371536,2018-01-02T20:18:23Z
94.80464985167112,2018-01-02T20:19:23Z
96.39605497094736,2018-01-02T20:21:51Z
94.90899346350136,2018-01-02T20:25:28Z
94.9410856079642,2018-01-02T20:31:55Z
95.39062536702063,2018-01-02T20:38:29Z
94.77945394940312,2018-01-02T20:38:36Z
94.57853343294703,2018-01-02T20:49:02Z
91.64039555771129,2018-01-02T20:52:45Z
96.69355104822044,2018-01-02T21:00:57Z
97.58296044639621,2018-01-02T21:08:44Z
94.96848725372502,2018-01-02T21:13:09Z
94.92974866854031,2018-01-02T21:14:48Z
93.50949284871024,2018-01-02T21:18:52Z
95.83986093261312,2018-01-02T21:19:07Z
97.79183177442206,2018-01-02T21:20:19Z
94.96855549826127,2018-01-02T21:24:02Z
92.55237232976097,2018-01-02T21:32:12Z
94.48065914217322,2018-01-02T21:32:53Z
95.71139086067002,2018-01-02T21:34:07Z
96.69408129943952,2018-01-02T21:35:54Z
97.0852718831869,2018-01-02T21:36:51Z
96.7088439085653,2018-01-02T21:40Z
94.37952108395525,2018-01-02T21:47:06Z
94.82667833352775,2018-01-02T21:51:03Z
95.52803290700831,2018-01-02T21:52:21Z
94.83600999059263,2018-01-02T21:58:43Z
92.86559987453425,2018-01-02T22:00:41Z
96.59669468548829,2018-01-02T22:00:53Z
97.48803543759382,2018-01-02T22:02:41Z
94.14944151612161,2018-01-02T22:07:10Z
94.95323528794277,2018-01-02T22:28:29Z
93.34286139378742,2018-01-02T22:30:07Z
91.94872560309359,2018-01-02T22:31:27Z
94.59255113440545,2018-01-02T22:34:22Z
95.65416926280315,2018-01-02T22:44:22Z
92.24874795659292,2018-01-02T23:00:15Z
96.28038712701506,2018-01-02T23:02:39Z
93.0563633600548,2018-01-02T23:08:18Z
94.01715016912551,2018-01-02T23:20:29Z
92.63926326258549,2018-01-02T23:21:35Z
95.02209769030914,2018-01-02T23:23:54Z
95.43543267056988,2018-01-02T23:26:23Z
93.95481216251603,2018-01-02T23:26:31Z
94.2675152348676,2018-01-02T23:29:01Z
91.68456906679074,2018-01-02T23:33:36Z
94.26103643679984,2018-01-02T23:35:34Z
92.66614259221134,2018-01-02T23:40:25Z
92.95916080920402,2018-01-02T23:55:38Z
93.93697246587415,2018-01-03T00:20:32Z
93.0738728219789,2018-01-03T00:22:29Z
96.25025924552978,2018-01-03T00:27:53Z
96.39354890160038,2018-01-03T00:31:35Z
96.4262366855936,2018-01-03T00:34:25Z
96.86639167184202,2018-01-03T00:36:41Z
95.74987339594894,2018-01-03T00:38:21Z
93.61599558431897,2018-01-03T01:10:49Z
91.88842175605379,2018-01-03T01:15:01Z
92.52442018874743,2018-01-03T01:18:59Z
93.86974566295397,2018-01-03T01:39:35Z
94.70067597787268,2018-01-03T01:47:35Z
96.6004325191876,2018-01-03T01:48:30Z
96.65343001202541,2018-01-03T01:49:17Z
95.3823638635293,2018-01-03T01:50:32Z
94.83975832419502,2018-01-03T01:51:41Z
94.88882490868095,2018-01-03T02:06:35Z
93.52096298874743,2018-01-03T02:09:19Z
92.51075734725796,2018-01-03T02:27:01Z
95.72241349980568,2018-01-03T02:31:19Z
94.84845094635587,2018-01-03T02:34:05Z
95.75857801629564,2018-01-03T02:38:19Z
95.69718677727292,2018-01-03T02:41:01Z
93.96333137662235,2018-01-03T02:45:58Z
95.197725163514,2018-01-03T02:48:13Z
95.41347207395717,2018-01-03T02:54:21Z
95.22866798531491,2018-01-03T03:03:06Z
95.35386204655691,2018-01-03T03:06:18Z
93.7695132479772,2018-01-03T03:07:57Z
96.41651829502577,2018-01-03T03:09:56Z
93.92831041332842,2018-01-03T03:17:53Z
96.30887830592476,2018-01-03T03:19:25Z
92.75179967875425,2018-01-03T03:20:51Z
96.63570710336006,2018-01-03T03:28:40Z
95.97524562434188,2018-01-03T03:33:49Z
95.57535988299465,2018-01-03T03:46:51Z
94.146743389441,2018-01-03T03:49:06Z
92.68142400649323,2018-01-03T03:50:24Z
96.07642893980884,2018-01-03T03:59Z
95.85753992207755,2018-01-03T03:59:02Z
97.66968067479058,2018-01-03T04:00:24Z
93.53398856684659,2018-01-03T04:02:15Z
94.15775200074303,2018-01-03T04:17:23Z
93.26437947256456,2018-01-03T04:25:45Z
92.34909218868987,2018-01-03T04:41:50Z
94.01013575337518,2018-01-03T04:46:09Z
91.86814671033912,2018-01-03T04:49:54Z
91.78811961201578,2018-01-03T04:51:08Z
95.08856482205559,2018-01-03T04:51:28Z
97.58636151132004,2018-01-03T04:53:18Z
97.88339237936319,2018-01-03T04:54:37Z
96.350533278443,2018-01-03T04:56:39Z
96.97817964117066,2018-01-03T04:57:26Z
93.84211649960407,2018-01-03T04:57:28Z
88.8821312862661,2018-01-03T04:59:18Z
92.79858052156932,2018-01-03T05:04:06Z
93.08358609360768,2018-01-03T05:13:57Z
94.76654270642122,2018-01-03T05:16:09Z
94.42896657494697,2018-01-03T05:16:54Z
94.28160397130827,2018-01-03T05:27:11Z
92.37146138944262,2018-01-03T05:31:33Z
93.84185225930183,2018-01-03T05:32:05Z
96.4048535608535,2018-01-03T05:34:35Z
94.5535186488814,2018-01-03T05:46:17Z
92.60995029618715,2018-01-03T05:50:49Z
89.98955530848927,2018-01-03T05:53:54Z
93.00916441045817,2018-01-03T05:56:02Z
94.68816919462986,2018-01-03T06:00:34Z
92.51360646315726,2018-01-03T06:04:04Z
92.96062024778054,2018-01-03T06:07:42Z
93.21445649899846,2018-01-03T06:12:32Z
96.09973003396848,2018-01-03T06:18:49Z
94.09401314849202,2018-01-03T06:21:35Z
95.53026863415488,2018-01-03T06:25:46Z
94.642824281487,2018-01-03T06:30:58Z
97.79605507580857,2018-01-03T06:32:42Z
92.791382335817,2018-01-03T06:33:17Z
91.27708562143317,2018-01-03T06:35:53Z
93.69312293930203,2018-01-03T06:38:34Z
97.34880136445783,2018-01-03T06:39Z
91.82792507375923,2018-01-03T06:43:20Z
97.68818791557963,2018-01-03T06:45:23Z
97.37077511164713,2018-01-03T06:46:52Z
96.46668448705594,2018-01-03T06:56:22Z
92.47651543985856,2018-01-03T06:56:46Z
94.69750495208109,2018-01-03T07:08:12Z
94.38909257760486,2018-01-03T07:12:15Z
96.10936752264139,2018-01-03T07:13:49Z
96.42573181668396,2018-01-03T07:17:21Z
96.72005725749439,2018-01-03T07:23:35Z
95.86480289768855,2018-01-03T07:31:48Z
94.8959585098143,2018-01-03T07:35:15Z
95.42811614136029,2018-01-03T07:40:20Z
96.1849438608964,2018-01-03T07:40:21Z
97.07279180772099,2018-01-03T07:41:16Z
93.20589694873169,2018-01-03T07:41:29Z
96.3209443389232,2018-01-03T07:48:54Z
96.26438973537533,2018-01-03T07:49:52Z
91.77430305073028,2018-01-03T07:59:03Z
93.65196190897059,2018-01-03T08:15:12Z
91.79936325832436,2018-01-03T08:16:08Z
94.09184183428593,2018-01-03T08:20:58Z
93.9411713488161,2018-01-03T08:27:26Z
96.21599045880795,2018-01-03T08:35:17Z
96.50063036633738,2018-01-03T08:35:51Z
93.83316723201361,2018-01-03T08:38:40Z
96.84981732063144,2018-01-03T08:43:46Z
96.43159091788482,2018-01-03T08:49:55Z
93.75307842294724,2018-01-03T08:52:57Z
91.93237497483555,2018-01-03T08:54:32Z
96.21709352166057,2018-01-03T08:56:29Z
95.30936759980588,2018-01-03T08:58:26Z
93.05997545829347,2018-01-03T09:09:07Z
92.80119508224314,2018-01-03T09:14Z
95.9525125472937,2018-01-03T09:17:18Z
97.82614532496495,2018-01-03T09:17:31Z
93.9335509093926,2018-01-03T09:19:47Z
91.51340984522999,2018-01-03T09:33:23Z
94.38563223942762,2018-01-03T09:33:24Z
95.96286724158881,2018-01-03T09:43:12Z
95.45765187543178,2018-01-03T09:46:39Z
96.38039430673847,2018-01-03T09:56:44Z
91.87799438163869,2018-01-03T09:57:18Z
93.54194730836436,2018-01-03T10:03:34Z
94.45001375675145,2018-01-03T10:06:59Z
95.4132149867527,2018-01-03T10:11:20Z
95.89826872233496,2018-01-03T10:12:44Z
92.78119192785067,2018-01-03T10:16:11Z
93.25753280416546,2018-01-03T10:16:44Z
95.38445571695844,2018-01-03T10:19:08Z
94.05906397419449,2018-01-03T10:23:26Z
92.23723140985246,2018-01-03T10:32:52Z
92.57902865985974,2018-01-03T10:39:58Z
94.21413755329013,2018-01-03T10:45:45Z
95.30725460042568,2018-01-03T10:47:38Z
95.30080030307079,2018-01-03T10:56:05Z
96.225390966522,2018-01-03T10:59:05Z
93.07417496348586,2018-01-03T11:05:27Z
97.6880574026588,2018-01-03T11:05:51Z
96.75956857302987,2018-01-03T11:06:34Z
96.47816440966653,2018-01-03T11:20:33Z
92.25153101967517,2018-01-03T11:24:29Z
95.18875749347369,2018-01-03T11:39:42Z
96.36871353433804,2018-01-03T11:40:05Z
93.5352416413771,2018-01-03T11:54:24Z
91.86736065857022,2018-01-03T11:58:35Z
94.54620663376646,2018-01-03T11:59:31Z
95.7829164979756,2018-01-03T11:59:49Z
97.03286380100387,2018-01-03T12:01:23Z
88.72758977516519,2018-01-03T12:01:55Z
92.02264088503385,2018-01-03T12:05:41Z
94.79633720730975,2018-01-03T12:08:21Z
97.77279793757629,2018-01-03T12:21:01Z
97.32808861737041,2018-01-03T12:24:25Z
95.49426083369067,2018-01-03T12:29:23Z
93.80155810662706,2018-01-03T12:30:44Z
94.3333033244083,2018-01-03T12:44Z
95.94026101397498,2018-01-03T12:53:38Z
93.52938138464724,2018-01-03T12:53:54Z
90.31888498620849,2018-01-03T12:54:59Z
91.98284590707598,2018-01-03T13:00:45Z
96.1965146095696,2018-01-03T13:00:54Z
97.21594171006821,2018-01-03T13:02:14Z
94.7740538138431,2018-01-03T13:03:14Z
93.78047529693664,2018-01-03T13:03:20Z
97.1779273101591,2018-01-03T13:06:53Z
93.4443294124824,2018-01-03T13:16:33Z
97.34574225031616,2018-01-03T13:31:13Z
93.93278289185955,2018-01-03T13:42:08Z
96.96736949366557,2018-01-03T13:43:06Z
96.91240901968229,2018-01-03T13:43:28Z
92.18294539304736,2018-01-03T14:04:13Z
93.74459932458053,2018-01-03T14:06:57Z
95.78198006084068,2018-01-03T14:12:45Z
96.3257237642104,2018-01-03T14:13:30Z
97.4787443143988,2018-01-03T14:18:25Z
93.98267326548016,2018-01-03T14:21:25Z
93.39199799213668,2018-01-03T14:27:40Z
95.86897168292737,2018-01-03T14:29:26Z
95.13055076627279,2018-01-03T14:31:49Z
94.63522375548177,2018-01-03T14:36:58Z
97.69761500244238,2018-01-03T14:48:38Z
96.84582896020964,2018-01-03T15:04:37Z
97.06542301098769,2018-01-03T15:09:58Z
97.59706968631991,2018-01-03T15:37:57Z
95.52191114717729,2018-01-03T15:47:46Z
97.85432397121541,2018-01-03T15:49:32Z
94.07813125274059,2018-01-03T15:56:56Z
93.69313034758608,2018-01-03T16:04:32Z
91.3155030376729,2018-01-03T16:05:27Z
96.78684848472767,2018-01-03T16:11:45Z
95.92466551286962,2018-01-03T16:15:28Z
96.09179823329295,2018-01-03T16:32:43Z
96.2903071420017,2018-01-03T16:34:10Z
90.98613828064816,2018-01-03T16:37:06Z
96.49148712683741,2018-01-03T16:47:13Z
96.87002240626431,2018-01-03T17:00:01Z
95.43869719521541,2018-01-03T17:02:59Z
96.9047482051718,2018-01-03T17:12:51Z
92.3083752105092,2018-01-03T17:27:22Z
92.51853886056509,2018-01-03T17:29:31Z
92.10196689535545,2018-01-03T17:31:53Z
95.33764786067056,2018-01-03T17:33:24Z
95.46643661931907,2018-01-03T17:42:04Z
92.85136085720606,2018-01-03T17:42:27Z
97.0673248346757,2018-01-03T17:42:31Z
96.28431569870314,2018-01-03T17:45:01Z
92.28116290174111,2018-01-03T18:01:26Z
94.40188304994054,2018-01-03T18:04:01Z
95.05246060762227,2018-01-03T18:06:36Z
95.60277024582047,2018-01-03T18:09:41Z
92.01699940634546,2018-01-03T18:12:10Z
91.19403689230595,2018-01-03T18:17:45Z
93.73670580819072,2018-01-03T18:20:43Z
94.45445766238588,2018-01-03T18:21:31Z
93.10016657498703,2018-01-03T18:35:14Z
93.60591227408831,2018-01-03T18:39:44Z
89.4629597985095,2018-01-03T18:40:03Z
92.53303871180786,2018-01-03T18:45:57Z
93.59446144417258,2018-01-03T18:50:43Z
97.71221248758744,2018-01-03T18:58Z
96.87476646354351,2018-01-03T18:58:09Z
93.56067614832207,2018-01-03T19:03:43Z
94.86872564685065,2018-01-03T19:09:03Z
96.05853488164439,2018-01-03T19:26:04Z
97.23807367500223,2018-01-03T19:29:45Z
93.81480859373026,2018-01-03T19:29:49Z
95.95842119361663,2018-01-03T19:29:54Z
92.27033361159373,2018-01-03T19:32:12Z
96.84992721648484,2018-01-03T19:47:47Z
96.09379528229753,2018-01-03T19:53:34Z
96.93220775943514,2018-01-03T20:00:14Z
94.52225310538893,2018-01-03T20:03:03Z
96.67547816449593,2018-01-03T20:07:23Z
95.67291966691221,2018-01-03T20:09:03Z
91.23756183775359,2018-01-03T20:09:13Z
94.26481635002465,2018-01-03T20:17:01Z
95.48067741742616,2018-01-03T20:17:57Z
95.11725948949841,2018-01-03T20:18:05Z
92.86821631438123,2018-01-03T20:22:53Z
93.19633339697172,2018-01-03T20:23:31Z
95.65254682932301,2018-01-03T20:24:37Z
94.00504214855017,2018-01-03T20:25:12Z
93.00065345789422,2018-01-03T20:27:07Z
95.25607380600964,2018-01-03T20:28Z
94.25140145471235,2018-01-03T20:47:21Z
97.90759848163643,2018-01-03T20:49:12Z
92.22096949408461,2018-01-03T20:51:40Z
97.50994075699921,2018-01-03T20:57:31Z
88.89996248280703,2018-01-03T21:10:10Z
93.8838870725736,2018-01-03T21:14:12Z
92.78840840900997,2018-01-03T21:26:16Z
94.66602744976876,2018-01-03T21:26:56Z
94.9979603935219,2018-01-03T21:29:37Z
96.62330893251084,2018-01-03T21:39:09Z
96.31154377456245,2018-01-03T21:42:40Z
91.50376122987804,2018-01-03T21:43:40Z
95.20186076122877,2018-01-03T21:43:52Z
96.77937192741761,2018-01-03T21:47:06Z
97.29306190784946,2018-01-03T21:47:31Z
96.53373725300324,2018-01-03T21:50:32Z
97.95169911929752,2018-01-03T21:50:49Z
94.92311446066252,2018-01-03T21:59:39Z
95.3997324888292,2018-01-03T22:01:27Z
94.12725088485087,2018-01-03T22:02:15Z
94.93494786453675,2018-01-03T22:02:57Z
94.8681353746657,2018-01-03T22:08:32Z
93.51787727013019,2018-01-03T22:13:09Z
96.81697353362571,2018-01-03T22:13:16Z
94.8924568326304,2018-01-03T22:28:24Z
96.44805167474316,2018-01-03T22:31Z
97.3911871034583,2018-01-03T22:32:04Z
94.35012611709996,2018-01-03T22:43:58Z
93.327356468962,2018-01-03T22:44:24Z
93.20596658600316,2018-01-03T22:44:41Z
95.3950069404559,2018-01-03T22:44:44Z
90.97580631520104,2018-01-03T22:45:10Z
92.04860075218595,2018-01-03T22:48:28Z
96.8649886257751,2018-01-03T22:55:32Z
92.48687387058504,2018-01-03T22:57:22Z
95.2247537004307,2018-01-03T22:57:27Z
92.17742050192557,2018-01-03T23:03:09Z
94.52725681926083,2018-01-03T23:04:39Z
92.31235426574787,2018-01-03T23:05:31Z
91.42390052661308,2018-01-03T23:10Z
92.00319702827477,2018-01-03T23:22:37Z
93.53264430914442,2018-01-03T23:29:31Z
97.44321077648792,2018-01-03T23:31:01Z
94.56830266351258,2018-01-03T23:38:25Z
97.53559491521999,2018-01-03T23:40:39Z
94.50389943186634,2018-01-03T23:42:17Z
95.68408730074674,2018-01-03T23:48:13Z
95.23656584241785,2018-01-03T23:53:30Z
94.75306252951144,2018-01-03T23:55:58Z
95.38461589638744,2018-01-03T23:59:11Z
95.80824395575681,2018-01-04T00:01:18Z
93.10409333006139,2018-01-04T00:03:31Z
94.28255362786531,2018-01-04T00:15:50Z
94.33558781763075,2018-01-04T00:28:17Z
92.90709282875618,2018-01-04T00:29:45Z
92.40957864696271,2018-01-04T00:40:40Z
92.09519062240976,2018-01-04T00:42:55Z
93.05298414308699,2018-01-04T00:44:30Z
95.82775124689907,2018-01-04T00:44:44Z
96.73131521687435,2018-01-04T00:46:06Z
94.83200836706104,2018-01-04T00:50:23Z
95.76980813639253,2018-01-04T00:51:31Z
96.28656087323385,2018-01-04T00:54:17Z
94.02608756938605,2018-01-04T01:05:05Z
95.08487798453226,2018-01-04T01:09:11Z
96.24142537236415,2018-01-04T01:15:03Z
94.47595053001892,2018-01-04T01:22:03Z
97.97674115313613,2018-01-04T01:27:34Z
96.46704548439844,2018-01-04T01:28:31Z
95.14021585910203,2018-01-04T01:29:20Z
94.40804477116494,2018-01-04T01:32:02Z
97.16685766077758,2018-01-04T01:36:13Z
95.14894425337225,2018-01-04T01:44:42Z
94.70169867347792,2018-01-04T01:45:53Z
95.23798820690129,2018-01-04T01:46:13Z
94.73703289955473,2018-01-04T01:56:09Z
96.06137148415394,2018-01-04T02:01:27Z
94.61800103382735,2018-01-04T02:05:35Z
94.41163551156065,2018-01-04T02:14:33Z
93.71688007848282,2018-01-04T02:16:03Z
91.57690367115846,2018-01-04T02:17:45Z
96.65972437213134,2018-01-04T02:25:25Z
91.08675203555885,2018-01-04T02:25:37Z
97.03791519454263,2018-01-04T02:26:11Z
95.02283322488204,2018-01-04T02:26:38Z
94.73943684212371,2018-01-04T02:27:01Z
97.8022268957077,2018-01-04T02:27:18Z
94.60965294166401,2018-01-04T02:30:44Z
95.60665627492453,2018-01-04T02:44:05Z
96.01270384851944,2018-01-04T03:04:07Z
93.92227882695796,2018-01-04T03:08:33Z
97.92418649959458,2018-01-04T03:12:47Z
93.50982112994174,2018-01-04T03:18:17Z
92.33388600076856,2018-01-04T03:22:26Z
94.09929257694127,2018-01-04T03:27:59Z
93.21542457075721,2018-01-04T03:29:55Z
93.03162620844897,2018-01-04T03:38:59Z
97.00307102735079,2018-01-04T03:57:38Z
93.16195053000675,2018-01-04T04:14:01Z
96.96743582060353,2018-01-04T04:14:40Z
94.60081860799886,2018-01-04T04:17:09Z
94.38882112771223,2018-01-04T04:25:27Z
96.69526380224006,2018-01-04T04:26:24Z
94.53364593637576,2018-01-04T04:28:05Z
97.89041896999173,2018-01-04T04:30:58Z
94.43172333580117,2018-01-04T04:32:38Z
94.37098170909812,2018-01-04T04:53:19Z
96.12864368002478,2018-01-04T05:00:08Z
96.4869741245908,2018-01-04T05:03:19Z
94.99515544195242,2018-01-04T05:13:33Z
97.77366431863507,2018-01-04T05:13:33Z
91.33595974924546,2018-01-04T05:19:16Z
92.51573204421761,2018-01-04T05:20:25Z
96.14221656563561,2018-01-04T05:27:32Z
95.03829001273724,2018-01-04T05:28:33Z
96.92438010555455,2018-01-04T05:41:15Z
93.8828900083659,2018-01-04T05:50:29Z
96.16336553586669,2018-01-04T05:58:54Z
94.19863894327052,2018-01-04T06:06:33Z
97.36000997171399,2018-01-04T06:08:49Z
92.4637856785905,2018-01-04T06:09:27Z
94.1069041289312,2018-01-04T06:09:29Z
96.48812851253551,2018-01-04T06:15:08Z
92.16603919960053,2018-01-04T06:15:52Z
93.01475816432253,2018-01-04T06:23:15Z
96.6238746578341,2018-01-04T06:24:45Z
97.2900170280188,2018-01-04T06:33:17Z
92.35128018506511,2018-01-04T06:35:45Z
95.32889494540967,2018-01-04T06:41:35Z
94.35347475140831,2018-01-04T06:43:38Z
95.66035458799222,2018-01-04T06:43:42Z
95.01398188399531,2018-01-04T06:45:10Z
93.06635852505242,2018-01-04T06:46:29Z
94.92914752986185,2018-01-04T06:52:28Z
93.70560097200253,2018-01-04T06:55:50Z
94.7954832919034,2018-01-04T06:56:59Z
92.578920461674,2018-01-04T06:57:24Z
95.42885840910684,2018-01-04T07:03:18Z
97.08123756322841,2018-01-04T07:07:42Z
95.09391009521816,2018-01-04T07:09Z
92.3241342686999,2018-01-04T07:10:22Z
92.32686090590245,2018-01-04T07:11:36Z
94.02741052844533,2018-01-04T07:19:55Z
95.05848985660941,2018-01-04T07:21:18Z
93.735516708513,2018-01-04T07:23:30Z
95.18409763064611,2018-01-04T07:26:09Z
92.8680166159681,2018-01-04T07:36:58Z
95.84178187690247,2018-01-04T07:37:43Z
94.72381505865887,2018-01-04T07:37:47Z
96.13846024398558,2018-01-04T07:40:49Z
96.39264168925897,2018-01-04T07:47:03Z
96.62443839295975,2018-01-04T07:50:50Z
94.39379827158446,2018-01-04T07:51:53Z
92.08329589983848,2018-01-04T07:52:32Z
94.86800971779624,2018-01-04T07:54:08Z
93.94324133845619,2018-01-04T08:01:19Z
93.89800858322486,2018-01-04T08:03:57Z
93.96384504457546,2018-01-04T08:06:10Z
92.81727003266971,2018-01-04T08:09:03Z
93.01608735635034,2018-01-04T08:09:31Z
94.98584923323267,2018-01-04T08:11:14Z
94.68831372004654,2018-01-04T08:21:01Z
97.84543831227514,2018-01-04T08:25:04Z
96.28396065512838,2018-01-04T08:39:15Z
90.72739818345238,2018-01-04T08:41:31Z
96.95061935608439,2018-01-04T08:42:23Z
91.83287307395773,2018-01-04T08:42:26Z
97.75098527241948,2018-01-04T08:47:09Z
94.46139802646283,2018-01-04T08:48:08Z
95.66632194129822,2018-01-04T08:50:01Z
96.5171982730332,2018-01-04T08:51:45Z
96.46784074320496,2018-01-04T08:54Z
94.11833164939073,2018-01-04T08:55:32Z
92.99799864866146,2018-01-04T08:56:38Z
92.06953020676593,2018-01-04T08:56:57Z
93.3377721589251,2018-01-04T08:59:56Z
94.3966979994077,2018-01-04T09:02:26Z
94.9243880221445,2018-01-04T09:08:33Z
93.22132658415565,2018-01-04T09:09:22Z
94.80546771137456,2018-01-04T09:15:56Z
95.47351667573011,2018-01-04T09:25:33Z
93.4321562646237,2018-01-04T09:31:25Z
94.30135576687111,2018-01-04T09:32:24Z
97.42790067310587,2018-01-04T09:36:37Z
95.74986528720456,2018-01-04T09:39:02Z
94.67016700889573,2018-01-04T09:42:06Z
95.698257814802,2018-01-04T09:46:15Z
86.72565474062348,2018-01-04T09:48:34Z
93.39992768381212,2018-01-04T09:49:39Z
93.30955803665022,2018-01-04T09:49:49Z
94.08307754106266,2018-01-04T09:50:21Z
93.54277580782563,2018-01-04T09:59:13Z
95.51854006807388,2018-01-04T10:14:43Z
96.6098620820942,2018-01-04T10:16:50Z
95.51192809336297,2018-01-04T10:18:13Z
92.05163068984614,2018-01-04T10:18:16Z
92.90922621634707,2018-01-04T10:20:41Z
96.59608690381421,2018-01-04T10:30:06Z
93.49961507906059,2018-01-04T10:35:14Z
90.03055837163106,2018-01-04T10:51:15Z
92.83588536138448,2018-01-04T10:55:44Z
91.87629603394291,2018-01-04T11:06:04Z
96.13901565557732,2018-01-04T11:09:57Z
96.79114154459174,2018-01-04T11:16:04Z
96.31151641021009,2018-01-04T11:16:11Z
94.51809217202411,2018-01-04T11:18:09Z
95.35403412542486,2018-01-04T11:28:23Z
93.54253937662608,2018-01-04T11:28:40Z
93.43953311294722,2018-01-04T11:38:15Z
95.92029429917613,2018-01-04T11:47:53Z
94.0149571148259,2018-01-04T11:56:07Z
95.3229317093146,2018-01-04T11:56:22Z
91.34771785519423,2018-01-04T12:00:23Z
95.53955826048266,2018-01-04T12:01:52Z
94.50934398899814,2018-01-04T12:04:54Z
95.10153524230657,2018-01-04T12:07:55Z
94.76370831921471,2018-01-04T12:12:23Z
93.33147095986965,2018-01-04T12:16:27Z
95.6731729426973,2018-01-04T12:19:33Z
93.15978768183994,2018-01-04T12:29:25Z
93.1320994214727,2018-01-04T12:32:15Z
93.08103082236,2018-01-04T12:32:50Z
93.1424965579815,2018-01-04T12:41:34Z
92.97254798938154,2018-01-04T12:42:02Z
96.90796874700507,2018-01-04T12:43:30Z
94.37519356150699,2018-01-04T12:44:57Z
96.05106645684533,2018-01-04T12:49:17Z
93.4001932555627,2018-01-04T12:50:50Z
95.09378053860408,2018-01-04T12:51:24Z
95.85641035461616,2018-01-04T13:17:52Z
96.43945976740116,2018-01-04T13:18:44Z
94.6744052898374,2018-01-04T13:23:36Z
91.00412684872936,2018-01-04T13:35:34Z
90.39640436861112,2018-01-04T13:37:45Z
95.33158589372788,2018-01-04T13:38:07Z
93.52057856575132,2018-01-04T13:39:27Z
96.53680362432327,2018-01-04T13:42:17Z
95.64641266793267,2018-01-04T13:43:42Z
93.45647982616563,2018-01-04T13:46:26Z
94.15444290965407,2018-01-04T13:48:15Z
95.65743991662274,2018-01-04T13:48:46Z
96.45272267320482,2018-01-04T13:56Z
92.13807353089648,2018-01-04T14:03:44Z
94.68363303780424,2018-01-04T14:09:49Z
94.55465836118519,2018-01-04T14:12:53Z
94.01810422740306,2018-01-04T14:20:22Z
94.5881899730379,2018-01-04T14:36:42Z
96.84725843477655,2018-01-04T14:38:30Z
96.98671805396607,2018-01-04T14:41:31Z
96.06392290762055,2018-01-04T14:51:51Z
95.6972051220209,2018-01-04T14:54:31Z
93.63106375112294,2018-01-04T14:56:36Z
93.68215190655577,2018-01-04T14:57:14Z
93.47637647850141,2018-01-04T14:59:17Z
96.95734622228443,2018-01-04T15:00:19Z
93.56600385936042,2018-01-04T15:01:13Z
94.90722276713566,2018-01-04T15:01:49Z
94.85914201605914,2018-01-04T15:03:35Z
94.28099143170041,2018-01-04T15:03:38Z
93.76813421596258,2018-01-04T15:15:32Z
96.14776236940477,2018-01-04T15:18:30Z
93.54267698058844,2018-01-04T15:23:46Z
94.46522187769982,2018-01-04T15:24:01Z
96.9942976958152,2018-01-04T15:33:22Z
93.62178755738492,2018-01-04T15:35:52Z
96.86310091601372,2018-01-04T15:37:11Z
92.8244913682186,2018-01-04T15:38:35Z
95.0009472618894,2018-01-04T15:47:20Z
93.47010762755988,2018-01-04T15:47:40Z
94.9874897354775,2018-01-04T15:53:29Z
92.73831045445802,2018-01-04T15:55:10Z
97.60628139025988,2018-01-04T16:00:52Z
95.4654760222344,2018-01-04T16:03:44Z
95.58219178567202,2018-01-04T16:16:22Z
96.3019708150709,2018-01-04T16:30:44Z
93.97737531731676,2018-01-04T16:34:20Z
93.52928006754789,2018-01-04T16:39:07Z
95.88959668996264,2018-01-04T16:51:21Z
95.35912518795466,2018-01-04T16:53:37Z
96.04272917231569,2018-01-04T16:56:48Z
93.15957319800987,2018-01-04T17:04:26Z
93.23578824051815,2018-01-04T17:07:28Z
95.77028233829421,2018-01-04T17:09:38Z
93.33269645646627,2018-01-04T17:13:23Z
95.63405411073532,2018-01-04T17:14:22Z
90.33368908173026,2018-01-04T17:22:35Z
96.69715319149333,2018-01-04T17:25:11Z
95.34045717714808,2018-01-04T17:48:45Z
95.34665785129853,2018-01-04T17:54:29Z
96.81504537678306,2018-01-04T18:04:01Z
96.81071607931219,2018-01-04T18:17:27Z
91.62532824435903,2018-01-04T18:22:56Z
97.6948885482941,2018-01-04T18:23:28Z
94.52943215921533,2018-01-04T18:24:47Z
97.80265304076545,2018-01-04T18:25:13Z
94.99990849407526,2018-01-04T18:25:13Z
94.90106628987873,2018-01-04T18:39:17Z
92.11654720393365,2018-01-04T18:41:40Z
95.23657975178634,2018-01-04T18:42:10Z
91.59413376295035,2018-01-04T18:43:04Z
93.51732424600573,2018-01-04T18:45:40Z
92.70431567398269,2018-01-04T18:46:21Z
93.31732653667598,2018-01-04T18:49:35Z
95.26367592622194,2018-01-04T18:52:22Z
95.96892456315216,2018-01-04T18:56:56Z
97.21894877642798,2018-01-04T18:57:08Z
96.55613150590794,2018-01-04T18:57:35Z
96.57870485626636,2018-01-04T18:59:54Z
95.0945425910669,2018-01-04T19:08:37Z
95.66832081530747,2018-01-04T19:16:40Z
96.62959693100777,2018-01-04T19:20:47Z
95.80028429515198,2018-01-04T19:24:34Z
97.29885224919236,2018-01-04T19:27:46Z
95.81666819870185,2018-01-04T19:33:10Z
93.21795791101081,2018-01-04T19:35:44Z
95.71885088324899,2018-01-04T19:36:16Z
93.69620512117683,2018-01-04T19:39:53Z
95.67777227080298,2018-01-04T20:18:23Z
92.47584161642742,2018-01-04T20:28:47Z
92.34662905895456,2018-01-04T20:38:51Z
94.45909587246327,2018-01-04T20:41:34Z
94.39854572470252,2018-01-04T20:45:25Z
93.93039115021132,2018-01-04T20:48:17Z
94.94438143351339,2018-01-04T20:51:37Z
92.72207138204769,2018-01-04T21:05:26Z
91.8428470646827,2018-01-04T21:08:57Z
96.86890337425345,2018-01-04T21:10:13Z
93.27345994514673,2018-01-04T21:25:50Z
92.90824658961252,2018-01-04T21:27:14Z
92.41782339976848,2018-01-04T21:28:38Z
95.9269389562142,2018-01-04T21:34:58Z
91.47017369038541,2018-01-04T21:37Z
92.85263012137634,2018-01-04T21:37:20Z
93.74064989054729,2018-01-04T21:39:02Z
92.66413264554767,2018-01-04T21:46:54Z
95.6944721484973,2018-01-04T21:47Z
94.9775963875366,2018-01-04T21:54:36Z
95.57665331868137,2018-01-04T21:57:41Z
97.2755397655771,2018-01-04T21:58:51Z
91.3396365161799,2018-01-04T21:59:47Z
95.16357572745007,2018-01-04T22:04:53Z
97.08736189408319,2018-01-04T22:12:25Z
89.80794955727809,2018-01-04T22:14:30Z
96.41420496846385,2018-01-04T22:15:18Z
91.60139448953426,2018-01-04T22:21:01Z
92.41249938506843,2018-01-04T22:21:20Z
95.23776344678006,2018-01-04T22:29:58Z
96.09662212379473,2018-01-04T22:43:09Z
97.17915797520362,2018-01-04T22:46:33Z
96.0203308991644,2018-01-04T22:51:22Z
94.29450855721916,2018-01-04T22:51:58Z
94.96886555641684,2018-01-04T22:52:01Z
95.93044545185086,2018-01-04T23:02:05Z
92.36460761856686,2018-01-04T23:06:03Z
93.86143220746386,2018-01-04T23:11:53Z
95.5538709551187,2018-01-04T23:13:11Z
93.79476052379611,2018-01-04T23:15:25Z
93.96542292989804,2018-01-04T23:17:24Z
93.63086625133019,2018-01-04T23:17:56Z
96.68951250149384,2018-01-04T23:19:04Z
93.03694419551013,2018-01-04T23:20:52Z
94.3921023141724,2018-01-04T23:28:11Z
97.57173495450762,2018-01-04T23:44:37Z
95.47982528783042,2018-01-04T23:45:04Z
92.39506787111591,2018-01-04T23:49:16Z
93.71937516188846,2018-01-05T00:11:47Z
91.63823404055599,2018-01-05T00:13:37Z
94.89732639017329,2018-01-05T00:17:47Z
93.12050747177136,2018-01-05T00:26:26Z
95.0278449679127,2018-01-05T00:34:15Z
97.22266407055164,2018-01-05T00:34:16Z
93.98183558519621,2018-01-05T00:39:59Z
95.72232806391257,2018-01-05T00:40:44Z
96.81612770248702,2018-01-05T00:53:08Z
97.82933898101285,2018-01-05T01:10:40Z
92.26818912692046,2018-01-05T01:11:18Z
95.05661158958891,2018-01-05T01:17:04Z
91.78493108181951,2018-01-05T01:17:59Z
93.67435047658208,2018-01-05T01:24:18Z
92.45085100949962,2018-01-05T01:25:40Z
96.49378407181685,2018-01-05T01:37:23Z
94.1812010758722,2018-01-05T01:38:29Z
92.95521269376957,2018-01-05T01:38:49Z
95.07218285649488,2018-01-05T01:44:10Z
94.25013678070022,2018-01-05T01:50:19Z
96.74584534962632,2018-01-05T02:01:49Z
95.57242644670002,2018-01-05T02:18:49Z
95.38146092340774,2018-01-05T02:23:26Z
92.71134285595099,2018-01-05T02:27:39Z
93.72418823935944,2018-01-05T02:32:39Z
93.47222185697119,2018-01-05T02:41:21Z
94.9930075258599,2018-01-05T02:41:58Z
95.25580936512,2018-01-05T02:45:25Z
93.015492227999,2018-01-05T03:01:10Z
94.92686009003627,2018-01-05T03:03:51Z
95.18957887441958,2018-01-05T03:14:21Z
94.29731636746318,2018-01-05T03:16:26Z
95.05984476248405,2018-01-05T03:17:04Z
96.48634793701719,2018-01-05T03:17:06Z
93.54248480985862,2018-01-05T03:24:18Z
92.12996440048823,2018-01-05T03:28:08Z
94.19782195462876,2018-01-05T03:33:06Z
97.07314924533343,2018-01-05T03:39:24Z
95.98396446015711,2018-01-05T03:41:10Z
96.7307338473175,2018-01-05T03:41:24Z
94.89525533319885,2018-01-05T03:41:47Z
94.17016226609853,2018-01-05T03:43:25Z
97.16850022266406,2018-01-05T03:47:48Z
92.92305570532044,2018-01-05T03:52:31Z
92.0488159460313,2018-01-05T03:55:09Z
93.36110491844208,2018-01-05T03:57:51Z
96.07722087689388,2018-01-05T04:04:19Z
95.78980392334222,2018-01-05T04:07:18Z
92.5637014280549,2018-01-05T04:13:50Z
94.549228766961,2018-01-05T04:14:06Z
93.42731528849274,2018-01-05T04:16:10Z
96.75858902496077,2018-01-05T04:17:35Z
95.19005247081144,2018-01-05T04:20:37Z
93.2922779198433,2018-01-05T04:24:19Z
93.73806244632921,2018-01-05T04:28:01Z
95.75882498499553,2018-01-05T04:42:06Z
97.39116195456207,2018-01-05T04:44:40Z
93.80350173723608,2018-01-05T04:45:51Z
94.6050319953448,2018-01-05T04:59:43Z
91.04512531089561,2018-01-05T05:01:09Z
94.19848548431416,2018-01-05T05:11:42Z
94.32347296746916,2018-01-05T05:18:19Z
91.14070335004091,2018-01-05T05:20:32Z
94.87858199079815,2018-01-05T05:28:23Z
95.61448301547912,2018-01-05T05:29:53Z
94.58499314283185,2018-01-05T05:38:06Z
96.97031614096724,2018-01-05T05:44:02Z
94.96005628279279,2018-01-05T05:45:54Z
94.58822835330224,2018-01-05T05:48:59Z
93.40124507450153,2018-01-05T05:49:10Z
94.43781279657117,2018-01-05T05:58:27Z
94.76482427452414,2018-01-05T06:00:05Z
92.71859383684456,2018-01-05T06:01:06Z
93.34370316870097,2018-01-05T06:02:51Z
96.05165214662249,2018-01-05T06:07:04Z
93.65438561385675,2018-01-05T06:08:11Z
93.23607936519015,2018-01-05T06:10:01Z
95.24557795426767,2018-01-05T06:20:26Z
94.18982646992254,2018-01-05T06:37:57Z
96.48238446286967,2018-01-05T06:58:33Z
94.21442850957116,2018-01-05T07:04:38Z
97.28565128000696,2018-01-05T07:11:25Z
93.38050607192476,2018-01-05T07:14:13Z
97.13640078401636,2018-01-05T07:16:51Z
94.0342628092798,2018-01-05T07:18:50Z
97.10915021170555,2018-01-05T07:23:47Z
93.46121994543361,2018-01-05T07:28:43Z
96.22217049979984,2018-01-05T07:34:16Z
91.11446655256607,2018-01-05T07:42:21Z
93.53809984296596,2018-01-05T07:42:23Z
94.52491337292727,2018-01-05T07:43:37Z
93.60266736484999,2018-01-05T07:56:52Z
97.29813218361372,2018-01-05T07:57:58Z
92.2615829111286,2018-01-05T08:05:07Z
94.28530926961592,2018-01-05T08:13:56Z
95.95248113329778,2018-01-05T08:20:29Z
92.72796394069246,2018-01-05T08:20:34Z
96.19128327397428,2018-01-05T08:24:21Z
94.04689990830202,2018-01-05T08:26:45Z
94.50667186872538,2018-01-05T08:32:29Z
97.9101957604224,2018-01-05T08:38:50Z
94.74665625294892,2018-01-05T08:40:19Z
97.53821055838557,2018-01-05T08:47:08Z
93.3042250858522,2018-01-05T08:51:44Z
94.60663526960904,2018-01-05T08:53:09Z
93.90588532382318,2018-01-05T09:01:56Z
94.63089996624238,2018-01-05T09:02:39Z
95.07649009598305,2018-01-05T09:04:42Z
92.85762279166671,2018-01-05T09:07:38Z
97.93700881768861,2018-01-05T09:08:15Z
95.47607398174458,2018-01-05T09:12:42Z
96.50459397899866,2018-01-05T09:14:33Z
97.68190130939176,2018-01-05T09:18:43Z
95.00831772788965,2018-01-05T09:28:59Z
94.03405711086583,2018-01-05T09:29:21Z
96.01323555607128,2018-01-05T09:34:40Z
96.328606719251,2018-01-05T09:38:45Z
95.57424660229793,2018-01-05T09:55:32Z
92.2618483712523,2018-01-05T09:57:27Z
97.57764458239124,2018-01-05T09:59:02Z
94.91349912966747,2018-01-05T10:13:04Z
94.55468698081779,2018-01-05T10:16:28Z
95.9239940364476,2018-01-05T10:29:09Z
93.624124276877,2018-01-05T10:32:14Z
96.84097303026267,2018-01-05T10:35:59Z
95.62904525732195,2018-01-05T10:37:28Z
93.86152247139313,2018-01-05T10:38:58Z
96.01989940878282,2018-01-05T10:47:07Z
95.09345895424723,2018-01-05T10:50:22Z
93.51363643133989,2018-01-05T10:57:34Z
91.57921365725966,2018-01-05T10:59:52Z
93.82290425812128,2018-01-05T11:01:47Z
96.49373650063342,2018-01-05T11:12:30Z
91.56923111926038,2018-01-05T11:20:23Z
95.01853980358246,2018-01-05T11:21:17Z
96.42539337572595,2018-01-05T11:21:24Z
96.5641045971253,2018-01-05T11:27:55Z
97.65990143153984,2018-01-05T11:34:33Z
95.95807022367501,2018-01-05T11:37:18Z
96.0209317366278,2018-01-05T11:39:05Z
97.44731685943405,2018-01-05T11:45:31Z
91.90487059458816,2018-01-05T11:48:56Z
96.92376742467538,2018-01-05T11:54:12Z
93.11400441768383,2018-01-05T12:01:47Z
95.34536092136439,2018-01-05T12:01:57Z
96.12667295080327,2018-01-05T12:10:46Z
94.0484308952276,2018-01-05T12:16:03Z
91.59791780778428,2018-01-05T12:21:15Z
93.45589579199182,2018-01-05T12:24:01Z
91.6787761651219,2018-01-05T12:26:22Z
93.82426019719104,2018-01-05T12:27:19Z
92.71526349700937,2018-01-05T12:27:24Z
93.84890108022542,2018-01-05T12:32:09Z
97.81749258126665,2018-01-05T12:36:02Z
95.36431661538823,2018-01-05T12:36:56Z
96.34204039222791,2018-01-05T12:45:09Z
94.32010667047393,2018-01-05T13:11:02Z
95.01441699545428,2018-01-05T13:20:03Z
94.68897511836566,2018-01-05T13:20:10Z
95.07121719988002,2018-01-05T13:34:51Z
96.71918887203994,2018-01-05T13:35:15Z
94.40674021225526,2018-01-05T13:41:06Z
97.41909651197,2018-01-05T13:56:06Z
97.46202870194448,2018-01-05T14:07:38Z
97.38268451395832,2018-01-05T14:16:03Z
96.40288553622612,2018-01-05T14:27:20Z
96.69684854501682,2018-01-05T14:35:38Z
97.01850548334458,2018-01-05T14:35:51Z
93.97809176328778,2018-01-05T14:36:18Z
97.99571780665306,2018-01-05T14:40:26Z
97.40965479764782,2018-01-05T14:41:26Z
94.4445827150749,2018-01-05T14:41:34Z
94.93325139731603,2018-01-05T14:42:48Z
92.80281940784332,2018-01-05T14:58:45Z
96.81511490372093,2018-01-05T15:02:39Z
95.10611690379423,2018-01-05T15:03:54Z
94.36326007852158,2018-01-05T15:04:21Z
94.50956887471126,2018-01-05T15:05:20Z
93.3878446378966,2018-01-05T15:13Z
93.65745998129037,2018-01-05T15:14:10Z
95.01547820927141,2018-01-05T15:15:32Z
96.12459016604234,2018-01-05T15:22:43Z
96.01660712996107,2018-01-05T15:23:21Z
95.1258431072534,2018-01-05T15:23:29Z
97.12761653321017,2018-01-05T15:26:28Z
96.24158027040495,2018-01-05T15:30Z
96.12662979609682,2018-01-05T15:35:25Z
91.0019920587061,2018-01-05T15:39:48Z
96.85121275405459,2018-01-05T15:41:23Z
95.58783256788222,2018-01-05T15:41:54Z
92.30088682440234,2018-01-05T15:55:05Z
95.14900564789802,2018-01-05T16:08:38Z
95.54521637711146,2018-01-05T16:14:05Z
95.27971377568674,2018-01-05T16:15:17Z
95.29161384720639,2018-01-05T16:23:10Z
92.59968978998845,2018-01-05T16:23:42Z
94.40556531169894,2018-01-05T16:38:31Z
95.12631403178588,2018-01-05T16:40:37Z
94.40946459627057,2018-01-05T16:42:53Z
95.79259554942792,2018-01-05T16:45:51Z
96.83366253478567,2018-01-05T16:46:04Z
93.5684168349164,2018-01-05T17:12:56Z
92.33033094830989,2018-01-05T17:17:34Z
97.66057038059904,2018-01-05T17:21:24Z
94.12744280971444,2018-01-05T17:24:51Z
91.16442851333633,2018-01-05T17:26:37Z
92.89418533619377,2018-01-05T17:27:24Z
94.39200856081287,2018-01-05T17:30:38Z
95.14880490006742,2018-01-05T17:30:38Z
94.01352149768084,2018-01-05T17:35:43Z
97.41151489445281,2018-01-05T17:38:26Z
91.04156715200514,2018-01-05T17:47:42Z
97.01636523932805,2018-01-05T18:00:05Z
90.62951761533164,2018-01-05T18:01:19Z
96.77988156916746,2018-01-05T18:05:29Z
94.89433075236039,2018-01-05T18:06:05Z
96.1437940573492,2018-01-05T18:08:15Z
93.95912873547665,2018-01-05T18:18:45Z
97.90815531659425,2018-01-05T18:27:20Z
94.0216711506626,2018-01-05T18:29:32Z
93.66258817053993,2018-01-05T18:33:30Z
94.30982147399473,2018-01-05T18:41:52Z
91.73046087645554,2018-01-05T18:42:43Z
95.35970677655529,2018-01-05T18:45:16Z
96.2385690847886,2018-01-05T18:48:57Z
96.49211994044418,2018-01-05T18:54:39Z
94.47273220626793,2018-01-05T18:55:33Z
97.47754161592674,2018-01-05T18:57:55Z
95.79616291870848,2018-01-05T18:58:17Z
97.18339905171261,2018-01-05T18:59:34Z
93.66356112198304,2018-01-05T19:06:09Z
96.42612222730094,2018-01-05T19:06:23Z
94.84962741077075,2018-01-05T19:07:08Z
92.46062163457707,2018-01-05T19:13:32Z
90.75108212367634,2018-01-05T19:13:33Z
94.12156372122234,2018-01-05T19:15:16Z
97.96803989514382,2018-01-05T19:16:01Z
96.50870833639779,2018-01-05T19:16:35Z
97.66054981277054,2018-01-05T19:20:55Z
97.33469279097088,2018-01-05T19:28:35Z
95.28133673638702,2018-01-05T19:30:21Z
94.27395951060417,2018-01-05T19:34:28Z
97.46389306592958,2018-01-05T19:34:29Z
95.50781529946794,2018-01-05T19:39:21Z
97.16925216640537,2018-01-05T19:39:59Z
94.0109853354473,2018-01-05T19:50:42Z
97.53217665966748,2018-01-05T19:52:43Z
94.7619946280733,2018-01-05T20:02:50Z
94.47321417247753,2018-01-05T20:04:22Z
95.23457183261107,2018-01-05T20:07:25Z
96.38438694356611,2018-01-05T20:21:48Z
95.73905038903119,2018-01-05T20:28:43Z
96.16439077544,2018-01-05T20:38:33Z
96.58319039483803,2018-01-05T20:41:52Z
94.73909364204044,2018-01-05T20:43:16Z
94.09571093129324,2018-01-05T20:48:50Z
96.20279480507871,2018-01-05T20:50:06Z
93.06340948166303,2018-01-05T20:51:01Z
97.30635364456873,2018-01-05T20:51:44Z
93.09069011137399,2018-01-05T21:01:50Z
93.02667797421131,2018-01-05T21:14:09Z
93.17237499217094,2018-01-05T21:27:24Z
93.63738766972915,2018-01-05T21:27:35Z
91.91763223144372,2018-01-05T21:28:53Z
90.70059972232748,2018-01-05T21:33:31Z
94.29068579989848,2018-01-05T21:46:46Z
93.61028306850034,2018-01-05T21:51:38Z
96.94084308095627,2018-01-05T21:59:06Z
94.430577035042,2018-01-05T22:03:13Z
96.42212287383583,2018-01-05T22:14:45Z
95.77990926610711,2018-01-05T22:16:18Z
95.18052563068099,2018-01-05T22:18:34Z
94.55553716664227,2018-01-05T22:23:47Z
95.49986853120929,2018-01-05T22:24:43Z
97.63381232405828,2018-01-05T22:33:32Z
96.62558767161471,2018-01-05T22:36:26Z
92.27829090437314,2018-01-05T22:36:49Z
97.04813085071508,2018-01-05T22:39:58Z
94.87597303247749,2018-01-05T22:51:17Z
93.1284155598074,2018-01-05T22:54Z
95.84381186938352,2018-01-05T22:57:10Z
93.93695763568908,2018-01-05T22:57:10Z
94.46208778679923,2018-01-05T23:00:03Z
96.58082125254428,2018-01-05T23:07:21Z
93.88555108617086,2018-01-05T23:11:42Z
95.8526128779418,2018-01-05T23:14:33Z
95.45968549240054,2018-01-05T23:16:24Z
94.42600301101587,2018-01-05T23:17:01Z
94.89362222160685,2018-01-05T23:25:03Z
97.97361446210725,2018-01-05T23:29:44Z
96.79685334442568,2018-01-05T23:33:13Z
93.94149007654612,2018-01-05T23:34:04Z
95.04812062590106,2018-01-05T23:36:01Z
95.60203378851773,2018-01-05T23:45:55Z
95.80163957874933,2018-01-05T23:47:14Z
93.50093476864866,2018-01-05T23:50:19Z
95.90754068727425,2018-01-05T23:52:25Z
93.36024294165883,2018-01-05T23:55:38Z
95.0376175919813,2018-01-05T23:56:40Z
96.54805980885986,2018-01-05T23:59:55Z
91.91931446395164,2018-01-06T00:12:37Z
94.04953770296102,2018-01-06T00:25:03Z
95.99142463154769,2018-01-06T00:25:06Z
94.8434388488477,2018-01-06T00:27:54Z
96.08024650011423,2018-01-06T00:28:07Z
92.69819051600676,2018-01-06T00:33:36Z
95.39080773974793,2018-01-06T00:41:47Z
93.52823991705762,2018-01-06T00:45:43Z
96.93121616165888,2018-01-06T00:48:21Z
94.661051987167,2018-01-06T00:59:18Z
96.35066243565792,2018-01-06T01:02:32Z
96.30043580718836,2018-01-06T01:03:13Z
97.34484845745492,2018-01-06T01:08:17Z
91.2055517315846,2018-01-06T01:08:40Z
93.0787867738853,2018-01-06T01:15:52Z
97.96267986396587,2018-01-06T01:23:18Z
95.48535071866016,2018-01-06T01:28:42Z
94.05919651999494,2018-01-06T01:40:50Z
93.28863176529583,2018-01-06T01:45:27Z
95.57354996612816,2018-01-06T01:57:17Z
91.41344833473198,2018-01-06T01:59:22Z
95.67416630321287,2018-01-06T02:05:58Z
93.56514435483774,2018-01-06T02:12:06Z
95.8485708747522,2018-01-06T02:12:33Z
94.93954633879842,2018-01-06T02:15:56Z
95.21931644685705,2018-01-06T02:20:15Z
96.78841302725228,2018-01-06T02:22:10Z
93.5267787799982,2018-01-06T02:30:27Z
96.21425202619646,2018-01-06T02:30:46Z
93.97888964159132,2018-01-06T02:32:36Z
94.13659518483583,2018-01-06T02:40:39Z
94.3042863634361,2018-01-06T02:44:24Z
93.95630547011945,2018-01-06T02:54:57Z
94.00248797725514,2018-01-06T02:57:53Z
94.81880655652478,2018-01-06T03:02:40Z
95.73925059487,2018-01-06T03:09:16Z
92.2373421625461,2018-01-06T03:13:01Z
97.18107710119088,2018-01-06T03:17:57Z
95.13096019095528,2018-01-06T03:19:35Z
93.35601394308706,2018-01-06T03:25:50Z
94.54166655964458,2018-01-06T03:26:20Z
97.97814327991043,2018-01-06T03:28:45Z
94.53869732112545,2018-01-06T03:34:03Z
97.90734035253652,2018-01-06T03:34:14Z
96.2999615719196,2018-01-06T03:38:15Z
93.91484859534509,2018-01-06T04:20:23Z
95.81829974316999,2018-01-06T04:20:40Z
95.03603622933578,2018-01-06T04:25:16Z
96.4404356743119,2018-01-06T04:49:55Z
97.88301901997085,2018-01-06T04:51:10Z
95.61473622858217,2018-01-06T04:54:46Z
95.33865221396434,2018-01-06T04:56:57Z
92.7961185347394,2018-01-06T05:02:24Z
95.61491745590835,2018-01-06T05:06:26Z
97.80261866705838,2018-01-06T05:08:22Z
97.45497238592074,2018-01-06T05:10:24Z
96.28036095745803,2018-01-06T05:24:58Z
95.91399951680519,2018-01-06T05:29:14Z
94.00764290278318,2018-01-06T05:30:03Z
95.60921138727666,2018-01-06T05:35:05Z
93.33093820287252,2018-01-06T05:40:10Z
94.30436517217859,2018-01-06T05:40:18Z
94.09741403690073,2018-01-06T05:42:18Z
95.55610715437956,2018-01-06T05:45:11Z
95.63588584629088,2018-01-06T05:49:36Z
92.7514753709975,2018-01-06T05:57:49Z
92.83346701096151,2018-01-06T06:05:40Z
93.69295340924222,2018-01-06T06:08:19Z
96.05649546497962,2018-01-06T06:09:49Z
96.37990144737769,2018-01-06T06:13Z
94.74574534775788,2018-01-06T06:18:31Z
96.59719277239353,2018-01-06T06:21:47Z
96.71316418541906,2018-01-06T06:22:07Z
93.59243685141041,2018-01-06T06:25:01Z
94.43737639091762,2018-01-06T06:26:09Z
92.56674668085478,2018-01-06T06:45:31Z
93.33340842217477,2018-01-06T06:51:59Z
94.36657357162817,2018-01-06T06:57:35Z
95.429974440589,2018-01-06T07:08:36Z
96.7659337349725,2018-01-06T07:13:48Z
94.03890973347791,2018-01-06T07:15:19Z
94.73204839821314,2018-01-06T07:15:26Z
94.05676889392336,2018-01-06T07:15:32Z
95.01074763610409,2018-01-06T07:18:14Z
95.54079511724552,2018-01-06T07:30:30Z
94.1180462964102,2018-01-06T07:30:48Z
97.54091136676357,2018-01-06T07:33:01Z
95.21377494340166,2018-01-06T07:34:11Z
93.9684747081329,2018-01-06T07:37:17Z
95.85695584510997,2018-01-06T07:41:25Z
95.71853955230091,2018-01-06T07:42:25Z
97.23595255263754,2018-01-06T07:57:04Z
92.60995772464192,2018-01-06T08:04:54Z
96.25386782686434,2018-01-06T08:21:01Z
95.89615548137274,2018-01-06T08:21:04Z
94.7768742717354,2018-01-06T08:23:20Z
91.89604226636706,2018-01-06T08:36:16Z
91.38545736499904,2018-01-06T08:40:01Z
94.50706366728629,2018-01-06T08:49:17Z
94.13438448826783,2018-01-06T08:51:33Z
93.761360460203,2018-01-06T08:52:23Z
92.23367660882032,2018-01-06T08:57:55Z
93.13496380833996,2018-01-06T09:03:10Z
95.52244403421112,2018-01-06T09:05:07Z
93.72231968500566,2018-01-06T09:05:46Z
97.39769341844075,2018-01-06T09:07:05Z
95.66627112394546,2018-01-06T09:07:43Z
96.70678234834178,2018-01-06T09:07:50Z
95.41366544370011,2018-01-06T09:09:12Z
96.63962229988907,2018-01-06T09:17:59Z
95.76197080991463,2018-01-06T09:19:01Z
97.01105910816732,2018-01-06T09:29:11Z
92.20424540925858,2018-01-06T09:30:18Z
94.24611383212854,2018-01-06T09:31:21Z
94.65657390789046,2018-01-06T09:32:10Z
94.91884265981459,2018-01-06T09:36:54Z
91.07920552849404,2018-01-06T09:41:37Z
94.79926181655757,2018-01-06T09:42:41Z
94.09783106344459,2018-01-06T09:46:15Z
97.75996965717432,2018-01-06T09:49:54Z
97.15298145155856,2018-01-06T10:10:43Z
92.27899909276604,2018-01-06T10:12Z
95.8654594199995,2018-01-06T10:14:19Z
91.82789091327413,2018-01-06T10:19:30Z
93.08871101066916,2018-01-06T10:27:21Z
95.2726472510366,2018-01-06T10:36:04Z
95.63387314250107,2018-01-06T10:42:01Z
94.53968348280002,2018-01-06T10:44:19Z
95.92360339402647,2018-01-06T10:45:53Z
96.70191418007005,2018-01-06T10:53:47Z
91.66998522864803,2018-01-06T10:59:55Z
96.69135452950535,2018-01-06T11:14:02Z
93.81044284685407,2018-01-06T11:16:06Z
91.59938262125706,2018-01-06T11:17:39Z
93.03226831082189,2018-01-06T11:21:47Z
96.00943611328464,2018-01-06T11:38:36Z
97.53814476164533,2018-01-06T11:58:18Z
92.30443842053214,2018-01-06T11:58:18Z
